smiles	kegg_id
C#CC(=O)[O-]	['C00804']
C#CCC(=O)[O-]	['C06144']
C#CCC(N)C(=O)[O-]	['C22138']
C#CCC[O-]	['C06146']
C=C(C(=O)O)C(C)C(=O)[O-]	['C02295']
C=C(C(=O)[O-])C(C)C(=O)O	['C02295']
C=C(C(=O)[O-])C(C)C(=O)[O-]	['C02295']
C=C(C(=O)[O-])C1CC=C(C)CCC=C(C)CC1	['C19678']
C=C(C)C(CCC(C)=O)CC(=O)[O-]	['C11405', 'C11419']
C=C(C)C(CCC(C)O)CC(=O)[O-]	['C11404', 'C11404', 'C11417', 'C11417']
C=C(C)C(CCC(C)[O-])CC(=O)[O-]	['C11404', 'C11417']
C=C(C)C(CO)CCC(C)C(=O)[O-]	['C11406', 'C11406', 'C11420', 'C11420']
C=C(C)C(C[O-])CCC(C)C(=O)[O-]	['C11406', 'C11420']
C=C(C)C1CC=C(C(=O)[O-])CC1	['C11924']
C=C(C)C1CC=C(C)C([O-])C1	['C00964', 'C11395', 'C11408', 'C11409']
C=C(C)C1CC=C(C[O-])CC1	['C02452']
C=C(C)C1CC=C2C(O)CC([O-])C(C)C2(C)C1	['C09627']
C=C(C)C1CC=C2C([O-])CC(O)C(C)C2(C)C1	['C09627']
C=C(C)C1CC=C2C([O-])CC([O-])C(C)C2(C)C1	['C09627']
C=C(C)C1CCC(C)(O)C([O-])C1	['C07276', 'C19082']
C=C(C)C1CCC(C)([O-])C(=O)C1	['C11937', 'C19083']
C=C(C)C1CCC(C)([O-])C(O)C1	['C07276', 'C19082']
C=C(C)C1CCC(C)([O-])C([O-])C1	['C07276', 'C19082']
C=C(C)C1CCC(C)([O-])OC(=O)C1	['C19079', 'C19084']
C=C(C)C1CCC(C)=CC1[O-]	['C01123']
C=C(C)C1CCC(C)C([O-])C1	['C11396', 'C11397', 'C11399', 'C11400', 'C11410', 'C11411', 'C11413', 'C11416']
C=C(C)C1CCC2(C1)C(C)=CC([O-])CC2C	['C19711']
C=C(C)CCOP(=O)([O-])O	['C20345']
C=C(C)CCOP(=O)([O-])[O-]	['C20345']
C=C(CC(=O)C(=O)O)C(=O)[O-]	['C06035']
C=C(CC(=O)C(=O)[O-])C(=O)O	['C06035']
C=C(CC(=O)C(=O)[O-])C(=O)[O-]	['C06035']
C=C(CC(=O)O)C(=O)[O-]	['C00490']
C=C(CC(=O)[O-])C(=O)O	['C00490']
C=C(CC(=O)[O-])C(=O)[O-]	['C00490']
C=C(CC(=O)[O-])C(C)C	['C11950']
C=C(CC(C)(C)c1ccc(O)cc1)c1ccc([O-])cc1	['C13625']
C=C(CC(C)(C)c1ccc([O-])cc1)c1ccc(O)cc1	['C13625']
C=C(CC(C)(C)c1ccc([O-])cc1)c1ccc([O-])cc1	['C13625']
C=C(CC=C(C)C(=O)[O-])C(C)C	['C11943', 'C11944']
C=C(CCC(=O)O)C(=O)[O-]	['C02930']
C=C(CCC(=O)[O-])C(=O)O	['C02930']
C=C(CCC(=O)[O-])C(=O)[O-]	['C02930']
C=C(C[O-])C1CC=C(C)CCC=C(C)CC1	['C19676']
C=C(Cl)CC(N)C(=O)[O-]	['C04075']
C=C(N)C(=O)[O-]	['C02218']
C=C(Oc1cccc(C(=O)O)c1)C(=O)[O-]	['C20772']
C=C(Oc1cccc(C(=O)[O-])c1)C(=O)O	['C20772']
C=C(Oc1cccc(C(=O)[O-])c1)C(=O)[O-]	['C20772']
C=C1C(=O)N2C1CC(SCCN)C2C(=O)[O-]	['C20822']
C=C1C([O-])CC2CC1C2(C)C	['C11941']
C=C1C([O-])CCC2(C)CCC3=C(C)CCC(CC12)C3(C)C	['C11895']
C=C1CC23CCC4C(C)(C[O-])CCCC4(C)C2CCC1C3	['C11872']
C=C1Oc2cc(OC)cc(C(=O)O)c2[N-]C1=O	['C11468']
C=C1Oc2cc(OC)cc(C(=O)[O-])c2NC1=O	['C11468']
C=C1Oc2cc(OC)cc(C(=O)[O-])c2[N-]C1=O	['C11468']
C=C1Oc2cccc(C(=O)O)c2[N-]C1=O	['C21306']
C=C1Oc2cccc(C(=O)[O-])c2NC1=O	['C21306']
C=C1Oc2cccc(C(=O)[O-])c2[N-]C1=O	['C21306']
C=CC(=C)CC([O-])C=C(C)C	['C20943']
C=CC(=O)C=CC=C(O)C(=O)[O-]	['C07087']
C=CC(=O)C=CC=C([O-])C(=O)O	['C07087']
C=CC(=O)C=CC=C([O-])C(=O)[O-]	['C07087']
C=CC(=O)[O-]	['C00511']
C=CC(C)(O)CCC=C(C)C[O-]	['C04433']
C=CC(C)([O-])CCC=C(C)C	['C11388', 'C11389']
C=CC(C)([O-])CCC=C(C)C=O	['C20221']
C=CC(C)([O-])CCC=C(C)CCC=C(C)C	['C09704', 'C19746']
C=CC(C)([O-])CCC=C(C)CCC=C(C)CCC=C(C)C	['C20681']
C=CC(C)([O-])CCC=C(C)CO	['C04433']
C=CC(C)([O-])CCC=C(C)C[O-]	['C04433']
C=CC(C)=CCC1C(C)([O-])CCC2C(C)(C)CCCC21C	['C20481']
C=CC(Cl)=C(O)C(=O)[O-]	['C11353']
C=CC(Cl)=C([O-])C(=O)O	['C11353']
C=CC(Cl)=C([O-])C(=O)[O-]	['C11353']
C=CC([NH-])=O	['C01659']
C=CC1(C)C=C2CCC3C(C)(C)C([O-])CCC3(C)C2CC1	['C21560']
C=CC1(C)CCC2C(=CCC3C(C)(C)C([O-])CCC23C)C1	['C21825']
C=CC1(C)CCC2C(=CCC3C(C)(C[O-])CCCC23C)C1	['C18221']
C=CC1(C)CCC2C([O-])(CCC3C(C)(C)CCCC32C)C1	['C21709']
C=CC1=CC([O-])C2C(CCC3C(C)(C)CCCC23C)C1C	['C20150']
C=CC1=CC=CC(O)C1[O-]	['C07084']
C=CC1=CC=CC([O-])C1O	['C07084']
C=CC1=CC=CC([O-])C1[O-]	['C07084']
C=CC1CN2CCC1CC2C([O-])c1ccnc2ccccc12	['C06528', 'C11379']
C=CC1CN2CCC1CC2c1[n-]c2ccccc2c1CCO	['C16727']
C=CC1CN2CCC1CC2c1[n-]c2ccccc2c1CC[O-]	['C16727']
C=CC1CN2CCC1CC2c1[nH]c2ccccc2c1CC[O-]	['C16727']
C=CC1CN2CCc3c([n-]c4ccccc34)C2CC1CC=O	['C16735']
C=CC1C[NH+]2CCC1CC2c1[n-]c2ccccc2c1CC[O-]	['C16727']
C=CC=C(CCC)C(=O)[O-]	['C16656']
C=CC=C(O)C(=O)[O-]	['C00596']
C=CC=C([O-])C(=O)O	['C00596']
C=CC=C([O-])C(=O)[O-]	['C00596']
C=CCC(CCC)C(=O)[O-]	['C16648']
C=CCc1ccc([O-])c(OC)c1	['C10453']
C=CCc1ccc([O-])cc1	['C16930']
C=Cc1ccc(O)c([O-])c1	['C06224']
C=Cc1ccc([O-])c(O)c1	['C06224']
C=Cc1ccc([O-])c([O-])c1	['C06224']
C=Cc1ccc([O-])cc1	['C05627']
C=Cc1cccc(O)c1[O-]	['C07085']
C=Cc1cccc([O-])c1O	['C07085']
C=Cc1cccc([O-])c1[O-]	['C07085']
CC(=CC(=O)O)C(=O)[O-]	['C01732', 'C02226']
CC(=CC(=O)[O-])C(=O)O	['C01732', 'C02226']
CC(=CC(=O)[O-])C(=O)[O-]	['C01732', 'C02226']
CC(=CC(=O)[O-])CCC=C(C)CCC1OC1(C)C	['C16504']
CC(=CCCC(C)=CCO)C[O-]	['C17621']
CC(=CCCC(C)=CC[O-])CO	['C17621']
CC(=CCCC(C)=CC[O-])C[O-]	['C17621']
CC(=CC[O-])CCC1C(C)=CCC2C(C)(C)CCCC12C	['C20158']
CC(=Cc1ccc(O)cc1)c1ccc([O-])cc1	['C13632']
CC(=Cc1ccc([O-])cc1)c1ccc(O)cc1	['C13632']
CC(=Cc1ccc([O-])cc1)c1ccc([O-])cc1	['C13632']
CC(=NNC(=O)c1ccncc1)C(=O)[O-]	['C16624']
CC(=N[N-]C(=O)c1cc[nH+]cc1)C(=O)[O-]	['C16624']
CC(=N[N-]C(=O)c1ccncc1)C(=O)O	['C16624']
CC(=N[N-]C(=O)c1ccncc1)C(=O)[O-]	['C16624']
CC(=O)C(=O)[O-]	['C00022']
CC(=O)C(C)(O)C(=O)[O-]	['C06010', 'C06010']
CC(=O)C(C)([O-])C(=O)[O-]	['C06010']
CC(=O)C(C)[O-]	['C00810', 'C01769']
CC(=O)C(N)C(=O)[O-]	['C03508']
CC(=O)C=CC(=O)[O-]	['C07091']
CC(=O)C=CC=C(O)C(=O)[O-]	['C06210']
CC(=O)C=CC=C([O-])C(=O)O	['C06210']
CC(=O)C=CC=C([O-])C(=O)[O-]	['C06210']
CC(=O)C=Cc1ccc([O-])cc1	['C12088']
CC(=O)CC(=O)[O-]	['C00164']
CC(=O)CC(N)C(=O)[O-]	['C03341']
CC(=O)CC(O)CC(=O)[O-]	['C16272', 'C16272']
CC(=O)CC(O)c1ccc([O-])cc1	['C22572', 'C22572']
CC(=O)CC([O-])CC(=O)[O-]	['C16272']
CC(=O)CC([O-])c1ccc([O-])cc1	['C22572']
CC(=O)CCC(N)C(=O)[O-]	['C05825']
CC(=O)C[O-]	['C05235']
CC(=O)NC(CCC=O)C(=O)[O-]	['C01250']
CC(=O)NC(Cc1ccccc1)C(=O)[O-]	['C03519', 'C05620']
CC(=O)NCCC(=O)[O-]	['C01073']
CC(=O)NCCCC(=O)[O-]	['C02946']
CC(=O)NCCCCC(=O)C(=O)[O-]	['C05548']
CC(=O)NCCCCC(=O)[O-]	['C03087']
CC(=O)NCCc1c[n-]cn1	['C05135']
CC(=O)N[N-]C(=O)c1ccncc1	['C07585']
CC(=O)Nc1ccc([O-])cc1	['C06804']
CC(=O)Nc1ccccc1C(=O)[O-]	['C06332']
CC(=O)OC1C(C)CN(C)C2Cc3c[n-]c4cccc(c34)C12	['C20436']
CC(=O)OCC(N)C(=O)[O-]	['C00979']
CC(=O)OCC=Cc1ccc([O-])cc1	['C20465']
CC(=O)OCCC(N)C(=O)[O-]	['C01077']
CC(=O)OP(=O)([O-])O	['C00227']
CC(=O)OP(=O)([O-])[O-]	['C00227']
CC(=O)Oc1ccc([O-])cc1	['C13636']
CC(=O)Oc1ccccc1C(=O)[O-]	['C01405']
CC(=O)[N-]C(CCC=O)C(=O)O	['C01250']
CC(=O)[N-]C(CCC=O)C(=O)[O-]	['C01250']
CC(=O)[N-]C(Cc1ccccc1)C(=O)O	['C03519', 'C05620']
CC(=O)[N-]C(Cc1ccccc1)C(=O)[O-]	['C03519', 'C05620']
CC(=O)[N-]CCC(=O)O	['C01073']
CC(=O)[N-]CCC(=O)[O-]	['C01073']
CC(=O)[N-]CCCC(=O)O	['C02946']
CC(=O)[N-]CCCC(=O)[O-]	['C02946']
CC(=O)[N-]CCCC=O	['C05936']
CC(=O)[N-]CCCCC(=O)C(=O)O	['C05548']
CC(=O)[N-]CCCCC(=O)C(=O)[O-]	['C05548']
CC(=O)[N-]CCCCC(=O)O	['C03087']
CC(=O)[N-]CCCCC(=O)[O-]	['C03087']
CC(=O)[N-]CCCCN	['C02714']
CC(=O)[N-]CCc1c[n-]c[nH+]1	['C05135']
CC(=O)[N-]CCc1c[n-]cn1	['C05135']
CC(=O)[N-]CCc1c[nH]cn1	['C05135']
CC(=O)[N-]N	['C07447']
CC(=O)[N-]NC(=O)c1ccncc1	['C07585']
CC(=O)[N-]NC(C)=O	['C16622']
CC(=O)[N-][N-]C(=O)c1cc[nH+]cc1	['C07585']
CC(=O)[N-][N-]C(=O)c1ccncc1	['C07585']
CC(=O)[N-][N-]C(C)=O	['C16622']
CC(=O)[N-]c1cc(N)c(C)c([N+](=O)[O-])c1	['C16420']
CC(=O)[N-]c1ccc(-c2ccccc2)cc1	['C20285']
CC(=O)[N-]c1ccc(O)cc1	['C06804']
CC(=O)[N-]c1ccc([O-])cc1	['C06804']
CC(=O)[N-]c1ccccc1C(=O)O	['C06332']
CC(=O)[N-]c1ccccc1C(=O)[O-]	['C06332']
CC(=O)[O-]	['C00033']
CC(=O)c1ccc([O-])cc1	['C10700']
CC(=O)n1cc([O-])c2ccccc21	['C02298']
CC(C(=O)C(=O)O)c1c[n-]c2ccccc12	['C05644']
CC(C(=O)C(=O)[O-])c1c[n-]c2ccccc12	['C05644']
CC(C(=O)C(=O)[O-])c1c[nH]c2ccccc12	['C05644']
CC(C(=O)O)=C(Cl)C(=O)CC(=O)[O-]	['C18310']
CC(C(=O)O)=C(Cl)C=C(Cl)C(=O)[O-]	['C18303']
CC(C(=O)O)C(=O)C(=O)[O-]	['C06030']
CC(C(=O)O)C(=O)C=C(Cl)C(=O)[O-]	['C18305']
CC(C(=O)O)C(=O)C=CC(=O)[O-]	['C18306']
CC(C(=O)O)C(=O)CCC(=O)[O-]	['C18307']
CC(C(=O)[O-])=C(C)C(=O)O	['C00922']
CC(C(=O)[O-])=C(C)C(=O)[O-]	['C00922']
CC(C(=O)[O-])=C(Cl)C(=O)CC(=O)O	['C18310']
CC(C(=O)[O-])=C(Cl)C(=O)CC(=O)[O-]	['C18310']
CC(C(=O)[O-])=C(Cl)C=C(Cl)C(=O)O	['C18303']
CC(C(=O)[O-])=C(Cl)C=C(Cl)C(=O)[O-]	['C18303']
CC(C(=O)[O-])=C1C=C(Cl)C(=O)O1	['C18304']
CC(C(=O)[O-])C(=O)C(=O)O	['C06030']
CC(C(=O)[O-])C(=O)C(=O)[O-]	['C06030']
CC(C(=O)[O-])C(=O)C=C(Cl)C(=O)O	['C18305']
CC(C(=O)[O-])C(=O)C=C(Cl)C(=O)[O-]	['C18305']
CC(C(=O)[O-])C(=O)C=CC(=O)O	['C18306']
CC(C(=O)[O-])C(=O)C=CC(=O)[O-]	['C18306']
CC(C(=O)[O-])C(=O)CCC(=O)O	['C18307']
CC(C(=O)[O-])C(=O)CCC(=O)[O-]	['C18307']
CC(C(=O)[O-])C(=O)O	['C02170']
CC(C(=O)[O-])C(=O)[O-]	['C02170']
CC(C)(C1=CC(=O)C(=O)C=C1)c1ccc([O-])cc1	['C13628']
CC(C)(C=O)C(O)C(=O)[O-]	['C01053', 'C01053']
CC(C)(C=O)C([O-])C(=O)[O-]	['C01053']
CC(C)(CO)C(=O)C(=O)[O-]	['C00966', 'C00966']
CC(C)(C[O-])C(=O)C(=O)[O-]	['C00966']
CC(C)(O)C(=O)C(=O)[O-]	['C04181', 'C04181']
CC(C)(O)CC(=O)[O-]	['C20827', 'C20827']
CC(C)([O-])C#N	['C02659']
CC(C)([O-])C(=O)C(=O)[O-]	['C04181']
CC(C)([O-])C1Cc2c(ccc3ccc(=O)oc23)O1	['C19707']
CC(C)([O-])C1Cc2cc3ccc(=O)oc3cc2O1	['C09276']
CC(C)([O-])CC(=O)[O-]	['C20827']
CC(C)(c1ccc([O-])cc1)c1ccc(O)cc1	['C13624']
CC(C)(c1ccc([O-])cc1)c1ccc([O-])cc1	['C13624']
CC(C)=C1C=C2CCC3C(C)(C[O-])CCCC3(C)C2CC1	['C11884']
CC(C)=CCC1OC1(C)C1C([O-])C(=O)CCC12CO2	['C22631']
CC(C)=CCCC(C)([O-])C1CC=C(C)CC1	['C09621', 'C20479']
CC(C)=CCCC(C)=CC(=O)[O-]	['C16461']
CC(C)=CCCC(C)=CCCC(C)=CC(=O)[O-]	['C16502']
CC(C)=CCCC(C)=CCCC(C)=CCCC(C)=CC[O-]	['C09094']
CC(C)=CCCC(C)=CCCC(C)=CC[O-]	['C01126', 'C03220']
CC(C)=CCCC(C)=CCOP(=O)([O-])O	['C21203']
CC(C)=CCCC(C)=CCOP(=O)([O-])[O-]	['C21203']
CC(C)=CCCC(C)=CC[O-]	['C01500', 'C09871']
CC(C)=CCCC(C)=CCc1cc(C(=O)[O-])ccc1O	['C05848', 'C05848', 'C18131', 'C18131']
CC(C)=CCCC(C)=CCc1cc(C(=O)[O-])ccc1[O-]	['C05848', 'C18131']
CC(C)=CCCC(C)=CCc1cc(O)c2ccccc2c1[O-]	['C19847']
CC(C)=CCCC(C)=CCc1cc(O)ccc1[O-]	['C10793']
CC(C)=CCCC(C)=CCc1cc([O-])c2ccccc2c1O	['C19847']
CC(C)=CCCC(C)=CCc1cc([O-])c2ccccc2c1[O-]	['C19847']
CC(C)=CCCC(C)=CCc1cc([O-])ccc1O	['C10793']
CC(C)=CCCC(C)=CCc1cc([O-])ccc1[O-]	['C10793']
CC(C)=CCCC(C)=CCc1cccc(O)c1[O-]	['C17551']
CC(C)=CCCC(C)=CCc1cccc([O-])c1O	['C17551']
CC(C)=CCCC(C)=CCc1cccc([O-])c1[O-]	['C17551']
CC(C)=CCCC(C)=CCc1ccccc1[O-]	['C05807']
CC(C)=CCCC(C)CC(=O)[O-]	['C16462']
CC(C)=CCCC(C)CC[O-]	['C09849', 'C11386']
CC(C)=CCCC1=CC(=O)c2c(O)ccc([O-])c2C1=O	['C18133']
CC(C)=CCCC1=CC(=O)c2c([O-])ccc(O)c2C1=O	['C18133']
CC(C)=CCCC1=CC(=O)c2c([O-])ccc([O-])c2C1=O	['C18133']
CC(C)=CCCC1=CC(c2cc(O)ccc2[O-])OC1	['C18135']
CC(C)=CCCC1=CC(c2cc([O-])ccc2O)OC1	['C18135']
CC(C)=CCCC1=CC(c2cc([O-])ccc2[O-])OC1	['C18135']
CC(C)=CCNc1ncnc2[n-]cnc12	['C04083']
CC(C)=CCOP(=O)([O-])O	['C21214']
CC(C)=CCOP(=O)([O-])[O-]	['C21214']
CC(C)=CC[O-]	['C01390']
CC(C)=CCc1c([O-])ccc2ccc(=O)oc12	['C18080']
CC(C)=CCc1cc(C(=O)[O-])ccc1O	['C12458', 'C12458']
CC(C)=CCc1cc(C(=O)[O-])ccc1[O-]	['C12458']
CC(C)=CCc1cc(C=O)ccc1[O-]	['C12459']
CC(C)=CCc1cc(CC(=O)C(=O)[O-])ccc1O	['C12456', 'C12456']
CC(C)=CCc1cc(CC(=O)C(=O)[O-])ccc1[O-]	['C12456']
CC(C)=CCc1cc(O)c(C)c(C)c1[O-]	['C16693']
CC(C)=CCc1cc([O-])c(C)c(C)c1O	['C16693']
CC(C)=CCc1cc([O-])c(C)c(C)c1[O-]	['C16693']
CC(C)=CCc1cc2ccc(=O)oc2cc1[O-]	['C18083']
CC(C)C(=CC(=O)O)C(=O)[O-]	['C02631']
CC(C)C(=CC(=O)[O-])C(=O)O	['C02631']
CC(C)C(=CC(=O)[O-])C(=O)[O-]	['C02631']
CC(C)C(=O)C(=O)[O-]	['C00141']
CC(C)C(=O)C=CC=C(O)C(=O)[O-]	['C06582']
CC(C)C(=O)C=CC=C([O-])C(=O)O	['C06582']
CC(C)C(=O)C=CC=C([O-])C(=O)[O-]	['C06582']
CC(C)C(=O)[N-]c1ccc([N+](=O)[O-])c(C(F)(F)F)c1	['C07653']
CC(C)C(=O)[O-]	['C02632']
CC(C)C(=O)c1ccc(O)c([O-])c1	['C15475']
CC(C)C(=O)c1ccc([O-])c(O)c1	['C15475']
CC(C)C(=O)c1ccc([O-])c([O-])c1	['C15475']
CC(C)C(C(=O)O)C(=O)C(=O)[O-]	['C04236']
CC(C)C(C(=O)[O-])C(=O)C(=O)O	['C04236']
CC(C)C(C(=O)[O-])C(=O)C(=O)[O-]	['C04236']
CC(C)C(N)C(=O)[O-]	['C00183']
CC(C)C12CCC(C)([O-])C1C2	['C02462']
CC(C)C1=CC2=C(CC1)C1(C)CCCC(C)(C[O-])C1CC2	['C18219']
CC(C)C1=CC2=CCC3C(C)(C[O-])CCCC3(C)C2CC1	['C11882']
CC(C)C1=CCC2C(=C1)CCC1C(C)(C[O-])CCCC21C	['C11883']
CC(C)C1CCC2(C)CC3C(C)CCC3C(C)([O-])CC=C12	['C20834']
CC(C)C=CCCCCC(=O)[O-]	['C18202']
CC(C)CC(=O)C(=O)[O-]	['C00233']
CC(C)CC(=O)NCCc1c[n-]cn1	['C16696']
CC(C)CC(=O)[N-]CCc1c[n-]c[nH+]1	['C16696']
CC(C)CC(=O)[N-]CCc1c[n-]cn1	['C16696']
CC(C)CC(=O)[N-]CCc1c[nH]cn1	['C16696']
CC(C)CC(=O)[O-]	['C08262']
CC(C)CC(N)C(=O)[O-]	['C00123']
CC(C)CCCCCCCC=CC(=O)[O-]	['C18206']
CC(C)NCC([O-])c1ccc(Cl)c(Cl)c1	['C11772']
CC(C)[O-]	['C01845']
CC(C)c1cc2c(cc1[O-])C1(C)CCCC(C)(C)C1CC2	['C09092']
CC(C)c1ccc(C(=O)[O-])cc1	['C06578']
CC(C)c1ccc(C[O-])cc1	['C06576']
CC(C=CC(=O)C(=O)O)C(=O)[O-]	['C07479']
CC(C=CC(=O)C(=O)[O-])C(=O)O	['C07479']
CC(C=CC(=O)C(=O)[O-])C(=O)[O-]	['C07479']
CC(C=CC(=O)O)=CC(=O)[O-]	['C04112']
CC(C=CC(=O)[O-])=CC(=O)O	['C04112']
CC(C=CC(=O)[O-])=CC(=O)[O-]	['C04112']
CC(C=CC1(O)C(C)=CC(=O)CC1(C)C)=CC(=O)[O-]	['C06082', 'C06082']
CC(C=CC1(O)C(C)=CC(=O)CC1(C)C)=CC[O-]	['C13456']
CC(C=CC1(O)C2(C)COC1(C)CC(=O)C2)=CC(=O)[O-]	['C09707', 'C09707']
CC(C=CC1([O-])C(C)=CC(=O)CC1(C)C)=CC(=O)[O-]	['C06082']
CC(C=CC1([O-])C(C)=CC(=O)CC1(C)C)=CC=O	['C13455']
CC(C=CC1([O-])C(C)=CC(=O)CC1(C)C)=CCO	['C13456']
CC(C=CC1([O-])C(C)=CC(=O)CC1(C)C)=CC[O-]	['C13456']
CC(C=CC1([O-])C2(C)COC1(C)CC(=O)C2)=CC(=O)[O-]	['C09707']
CC(C=CC12OC1(C)CC(O)CC2(C)C)=CC(=O)[O-]	['C13454', 'C13454']
CC(C=CC12OC1(C)CC([O-])CC2(C)C)=CC(=O)[O-]	['C13454']
CC(C=CC12OC1(C)CC([O-])CC2(C)C)=CC=O	['C13453']
CC(C=CC1=C(C)C=CCC1(C)C)=CC=CC(C)=CC[O-]	['C21797']
CC(C=CC1=C(C)CCCC1(C)C)=CC=CC(C)=CC[O-]	['C00473', 'C00899', 'C16682']
CC(C=CC1=C(C)CCCC1(C)C)=CC=CC(C)CC[O-]	['C15492']
CC(C=O)=CC=C(O)C(=O)[O-]	['C06760']
CC(C=O)=CC=C([O-])C(=O)O	['C06760']
CC(C=O)=CC=C([O-])C(=O)[O-]	['C06760']
CC(C=O)=CCCC(C)C=C[O-]	['C22225']
CC(C=O)C(=O)[O-]	['C00349', 'C06002']
CC(CC(=O)O)C(=O)CC(=O)[O-]	['C18312']
CC(CC(=O)[O-])C(=O)CC(=O)O	['C18312']
CC(CC(=O)[O-])C(=O)CC(=O)[O-]	['C18312']
CC(CN)C(=O)[O-]	['C01205', 'C03284']
CC(CO)C(=O)[O-]	['C06001', 'C06001']
CC(C[O-])C(=O)[O-]	['C06001']
CC(N)C(=O)CCCCCC(=O)[O-]	['C01092']
CC(N)C(=O)OC(C)C(=O)[O-]	['C19694']
CC(N)C(=O)[O-]	['C00041', 'C00133', 'C01401']
CC(N)C([O-])c1ccccc1	['C08300', 'C16719']
CC(N)CC(=O)CC(=O)[O-]	['C03656']
CC(O)C(=O)CC(=O)C(=O)[O-]	['C20781', 'C20781']
CC(O)C(=O)[O-]	['C00186', 'C00186', 'C00256', 'C00256']
CC(O)C=CCC=CCC=CCCCCCCCC(=O)[O-]	['C16346', 'C16346']
CC(O)CC(=O)C(=O)[O-]	['C03589', 'C03589']
CC(O)CC(=O)OC(C)CC(=O)[O-]	['C04546', 'C04546']
CC(O)CC(=O)[N-]C1CCOC1=O	['C11842', 'C21195']
CC(O)CC(=O)[O-]	['C01089', 'C01089']
CC(O)C[O-]	['C00583']
CC(O)c1ccc([O-])cc1	['C13638', 'C13638']
CC([O-])C(=O)CC(=O)C(=O)[O-]	['C20781']
CC([O-])C(=O)[O-]	['C00186', 'C00256']
CC([O-])C(C)O	['C03044', 'C03046', 'C20657']
CC([O-])C(C)[O-]	['C03044', 'C03046', 'C20657']
CC([O-])C=CCC=CCC=CCCCCCCCC(=O)[O-]	['C16346']
CC([O-])C=O	['C00424', 'C00937']
CC([O-])CC(=O)C(=O)[O-]	['C03589']
CC([O-])CC(=O)NC1CCOC1=O	['C11842', 'C21195']
CC([O-])CC(=O)OC(C)CC(=O)[O-]	['C04546']
CC([O-])CC(=O)[N-]C1CCOC1=O	['C11842', 'C21195']
CC([O-])CC(=O)[O-]	['C01089']
CC([O-])CN	['C03194']
CC([O-])CO	['C00583']
CC([O-])C[O-]	['C00583']
CC([O-])c1ccc([O-])cc1	['C13638']
CC([O-])c1ccccc1	['C11348']
CC1(C)C2CC(=O)C1(C)C([O-])C2	['C20322', 'C20323']
CC1(C)C2CC=C(C(=O)[O-])C1C2	['C11940']
CC1(C)C2CC=C(C[O-])C1C2	['C11938']
CC1(C)C2CCC1(C)C([O-])C2	['C01765']
CC1(C)CC2C=C(C(=O)[O-])C3COC(=O)C4(CO4)C23C1	['C20397']
CC1(C)CCCC2(C)C1CCC13CC(CCC12)C(C)([O-])C3	['C19817']
CC1(C)CCCC2(C)C1CCC1CC3CC12CCC3(C)[O-]	['C11890']
CC1(C)CCCC2=C1C1OC(=O)C(=C[O-])C1C2	['C18036']
CC1(C)OC2(C)CCC1CC2[O-]	['C03092']
CC1(C)SC2C(N)C(=O)N2C1C(=O)[O-]	['C02954']
CC1(CC(=O)[O-])C=CC(=O)O1	['C04559']
CC1(O)C(=O)[N-]c2ccccc21	['C05834']
CC1([O-])C(=O)Nc2ccccc21	['C05834']
CC1([O-])C(=O)[N-]c2ccccc21	['C05834']
CC12CC([O-])C(CC1=O)C2(C)C	['C03448', 'C22610']
CC12CCC(=O)C(CCC(=O)[O-])C1CCC2=O	['C20199']
CC12CCC(=O)C=C1CCC1C2CCC2(C)C([O-])CCC12	['C00535']
CC12CCC(C1)C(C)(C)C2[O-]	['C02344']
CC12CCC(O)CC1=CCC1C2CCC2(C)C([O-])CCC12	['C04295']
CC12CCC([O-])CC1=CCC1C2CCC2(C)C(O)CCC12	['C04295']
CC12CCC([O-])CC1=CCC1C2CCC2(C)C([O-])CCC12	['C04295']
CC12CCC3C(CC=C4CC([O-])CCC43C)C1CCC2=O	['C01227']
CC12CCC3C(CCC4CC(=O)CCC43C)C1CCC2[O-]	['C03917', 'C05293']
CC12CCC3C(CCC4CC(O)CCC43C)C1CCC2[O-]	['C03852']
CC12CCC3C(CCC4CC([O-])CCC43C)C1CCC2=O	['C00523', 'C04373', 'C07635']
CC12CCC3C(CCC4CC([O-])CCC43C)C1CCC2O	['C03852']
CC12CCC3C(CCC4CC([O-])CCC43C)C1CCC2[O-]	['C03852']
CC12CCC3C4=CC(=O)C(=O)C=C4CCC3C1CCC2[O-]	['C22357']
CC12CCC3c4cc(O)c([O-])cc4CCC3C1CCC2=O	['C05298']
CC12CCC3c4cc([O-])c(O)cc4CCC3C1CCC2=O	['C05298']
CC12CCC3c4cc([O-])c([O-])cc4CCC3C1CCC2=O	['C05298']
CC12CCC3c4ccc([O-])cc4CCC3C1CC(O)C2=O	['C05300', 'C05300']
CC12CCC3c4ccc([O-])cc4CCC3C1CC([O-])C2=O	['C05300']
CC12CCC3c4ccc([O-])cc4CCC3C1CCC2=O	['C00468']
CC12CCC3c4ccc([O-])cc4CCC3C1CCC2O	['C00951', 'C00951', 'C02537', 'C02537']
CC12CCC3c4ccc([O-])cc4CCC3C1CCC2[O-]	['C00951', 'C02537']
CC12CCCC([O-])(C1)C1CC(C)(C)C1CC2	['C19974']
CC1=C(C=O)C(C)(C)CC([O-])C1	['C19731']
CC1=C(CC(=O)[O-])OC(=O)C1	['C18311']
CC1=C(Cl)C(=CC(=O)[O-])OC1=O	['C18309']
CC1=C(Cl)C(C(Cl)C(=O)[O-])OC1=O	['C18308']
CC1=C(Cl)C=C(Cl)C(O)C1[O-]	['C18301']
CC1=C(Cl)C=C(Cl)C([O-])C1O	['C18301']
CC1=C(Cl)C=C(Cl)C([O-])C1[O-]	['C18301']
CC1=C2C(=O)c3c(O)cccc3C=C2CC(CC(=O)[O-])O1	['C12434', 'C12434', 'C18835', 'C18835']
CC1=C2C(=O)c3c([O-])cccc3C=C2CC(CC(=O)[O-])O1	['C12434', 'C18835']
CC1=C2C([O-])CC(C)C23CCC(C3)C1(C)C	['C17953', 'C17955']
CC1=CC(=O)C(CC(=O)[O-])C1(C)C	['C20271']
CC1=CC(=O)C([O-])=CC1=O	['C18316']
CC1=CC(=O)OC1CC(=O)[O-]	['C04558']
CC1=CC23C(COC(=O)C24CO4)C(C(=O)[O-])=CC3C1C	['C20407']
CC1=CC23CCC4C(C)(C)CC([O-])CC4(C)C2CCC1C3	['C20146']
CC1=CC2c3cccc4[n-]cc(c34)CC2N(C)C1	['C09023']
CC1=CC=CC(O)C1[O-]	['C04592']
CC1=CC=CC([O-])C1O	['C04592']
CC1=CC=CC([O-])C1[O-]	['C04592']
CC1=CCC(C(C)(C)[O-])CC1	['C11393']
CC1=CCCC(C)C=CC(C(C)(C)[O-])CC1	['C16143']
CC1=COC([O-])C2C(C)CCC12	['C09804']
CC1=NC(C(=O)[O-])CCN1	['C06231']
CC1C(=O)CC(CC(=O)[O-])C1(C)C	['C20324']
CC1C(=O)CC2C(C(=O)[O-])=CC3CC(C)(C)CC312	['C20400']
CC1C(=O)N2C(C(=O)[O-])=CCC12	['C20821']
CC1C(=O)N2C1CC(SCCN)C2C(=O)[O-]	['C20818']
CC1C(=O)OCC2C(C(=O)[O-])=CC3CC(C)(C)CC312	['C20399']
CC1C(=O)[N-]C(=O)NC1=O	['C05281']
CC1C(=O)[N-]C(=O)[N-]C1=O	['C05281']
CC1C(O)CC2C(C(=O)[O-])=CC3CC(C)(C)CC321	['C20403', 'C20403']
CC1C([O-])CC2C(C(=O)[O-])=CC3CC(C)(C)CC321	['C20403']
CC1CC2c3cccc4[n-]cc(c34)CC2N(C)C1	['C20408']
CC1CCC(C(C)C)C([O-])C1	['C00400', 'C00553']
CC1CCC(C(C=O)=C[O-])C1C=O	['C06070']
CC1CCC([O-])C2(C)CCC3C(C12)C3(C)C	['C20181']
CC1CCC2([O-])C(C)(C)C3CCC2(C)C1C3	['C19755']
CC1CCC2C(C(=O)[O-])=CC3C(O)C(C)(C)CC123	['C20405', 'C20405']
CC1CCC2C(C(=O)[O-])=CC3C([O-])C(C)(C)CC123	['C20405']
CC1CCC2C(C(=O)[O-])=CC3CC(C)(C)CC132	['C20404']
CC1CCC2C(C(=O)[O-])=COC(O)C12	['C20789', 'C20789']
CC1CCC2C(C(=O)[O-])=COC([O-])C12	['C20789']
CC1CCC2C(C)(C)C3CC12CCC3(C)[O-]	['C18245']
CC1CCC2C(CO)=COC([O-])C12	['C22014']
CC1CCC2C(C[O-])=COC(O)C12	['C22014']
CC1CCC2C(C[O-])=COC([O-])C12	['C22014']
CC1CCCC2(C)CCCCC12[O-]	['C16286']
CC1CN(C)C2Cc3c[n-]c4cccc(c34)C2C1O	['C20437']
CC1CN(C)C2Cc3c[n-]c4cccc(c34)C2C1[O-]	['C20437']
CC1CN(C)C2Cc3c[nH]c4cccc(c34)C2C1[O-]	['C20437']
CC1CNC(=O)[N-]C1=O	['C21028']
CC1C[NH+](C)C2Cc3c[n-]c4cccc(c34)C2C1[O-]	['C20437']
CC1NCCc2c1[n-]c1ccccc21	['C09089']
CC1OC(=O)CC2C(C(=O)[O-])=CC3CC(C)(C)CC312	['C20402']
CC1OC(CC(=O)[O-])CC2=C1C(=O)c1c(O)cccc1C2	['C12435', 'C12435']
CC1OC(CC(=O)[O-])CC2=C1C(=O)c1c([O-])cccc1C2	['C12435']
CC1OC1P(=O)([O-])O	['C06454']
CC1OC1P(=O)([O-])[O-]	['C06454']
CC=C1C(=O)N2C1CC(SCCN)C2C(=O)[O-]	['C20823']
CC=C1CN2C3CC1C(C=O)C2Cc1c3[n-]c2ccccc12	['C11633', 'C11634']
CC=C1CN2C3CC1C(CO)C2Cc1c3[n-]c2ccccc12	['C11635']
CC=C1CN2C3CC1C(C[O-])C2Cc1c3[n-]c2ccccc12	['C11635']
CC=C1CN2C3CC1C(C[O-])C2Cc1c3[nH]c2ccccc12	['C11635']
CC=C1C[NH+]2C3CC1C(C[O-])C2Cc1c3[n-]c2ccccc12	['C11635']
CC=CC(CCC)C(=O)[O-]	['C16654']
CC=CC=C(O)C(=O)[O-]	['C11354']
CC=CC=C([O-])C(=O)O	['C11354']
CC=CC=C([O-])C(=O)[O-]	['C11354']
CC=Cc1ccc([O-])c(OC)c1	['C10469']
CC=Cc1ccc([O-])cc1	['C20464']
CCC(=O)C(=O)[O-]	['C00109']
CCC(=O)C=CC=C(O)C(=O)[O-]	['C07123']
CCC(=O)C=CC=C([O-])C(=O)O	['C07123']
CCC(=O)C=CC=C([O-])C(=O)[O-]	['C07123']
CCC(=O)OP(=O)([O-])O	['C02876']
CCC(=O)OP(=O)([O-])[O-]	['C02876']
CCC(=O)[O-]	['C00163']
CCC(C([NH-])=O)(C(N)=O)c1ccccc1	['C07499']
CCC(C([NH-])=O)(C([NH-])=O)c1ccccc1	['C07499']
CCC(C)(O)C(=O)C(=O)[O-]	['C14463', 'C14463']
CCC(C)([O-])C#N	['C18796']
CCC(C)([O-])C(=O)C(=O)[O-]	['C14463']
CCC(C)C(=O)C(=O)[O-]	['C00671']
CCC(C)C(=O)[O-]	['C18319']
CCC(C)C(N)C(=O)[O-]	['C00407']
CCC(C)CCCCCCCCCCC(=O)[O-]	['C16665']
CCC(N)C(=O)[O-]	['C02356']
CCC(O)(C(C)=O)C(=O)[O-]	['C06006', 'C06006']
CCC(O)C(=O)[O-]	['C05984', 'C05984']
CCC(O)CC(=O)C(=O)[O-]	['C06762', 'C06762']
CCC([O-])(C(C)=O)C(=O)[O-]	['C06006']
CCC([O-])C(=O)[O-]	['C05984']
CCC([O-])CC(=O)C(=O)[O-]	['C06762']
CCC1(c2ccccc2)C(=O)[N-]C(=O)NC1=O	['C07434']
CCC1(c2ccccc2)C(=O)[N-]C(=O)[N-]C1=O	['C07434']
CCC1(c2ccccc2)NC(=O)[N-]C1=O	['C14916']
CCC1=CC=CC(O)C1[O-]	['C06727']
CCC1=CC=CC([O-])C1O	['C06727']
CCC1=CC=CC([O-])C1[O-]	['C06727']
CCC1C(=O)N2C(C(=O)[O-])=C(SCCN)CC12	['C17368']
CCC1C(=O)N2C1CC(SCCN)C2C(=O)[O-]	['C20819']
CCC1OC(=O)C(C)C([O-])C(C)CC(C)C(=O)C=CC1C	['C11993']
CCC=C(CCC)C(=O)[O-]	['C16653']
CCC=CC=COC=CC=CCCCCCCCC(=O)[O-]	['C16319']
CCC=CCC(O)C=CC=CCCCCCCCC(=O)[O-]	['C16316', 'C16316']
CCC=CCC([O-])C=CC=CCCCCCCCC(=O)[O-]	['C16316']
CCC=CCC1C(=O)C=CC1CCCCCCCC(=O)[O-]	['C01226']
CCC=CCC1C(=O)CCC1CC(=O)[O-]	['C08491', 'C16317']
CCC=CCC1C(=O)CCC1CCCCCCCC(=O)[O-]	['C04780']
CCC=CCC1C=CC(=O)C1CCCCCCCC(=O)[O-]	['C16325']
CCC=CCC1OC1=CC=CCCCCCCCC(=O)[O-]	['C04672']
CCC=CCC=CC=C1OC1CCCCCCCC(=O)[O-]	['C16324']
CCC=CCC=CC=CC(O)CCCCCCCC(=O)[O-]	['C16326', 'C16326']
CCC=CCC=CC=CC([O-])CCCCCCCC(=O)[O-]	['C16326']
CCC=CCC=CC=COC=CCCCCCCC(=O)[O-]	['C16320']
CCC=CCC=CCC=CCC=CCCCCC(=O)[O-]	['C16300']
CCC=CCC=CCC=CCCCCCCC(=O)[O-]	['C16344']
CCC=CCC=CCC=CCCCCCCC(O)C(=O)[O-]	['C16342', 'C16342']
CCC=CCC=CCC=CCCCCCCC([O-])C(=O)[O-]	['C16342']
CCC=CCC=CCC=CCCCCCCCC(=O)[O-]	['C06427']
CCC=CCC[O-]	['C08492']
CCCC(=O)CC(=O)[N-]C1CCOC1=O	['C21198']
CCCC(=O)OP(=O)([O-])O	['C02527']
CCCC(=O)OP(=O)([O-])[O-]	['C02527']
CCCC(=O)[N-]C1CCOC1=O	['C11837']
CCCC(=O)[O-]	['C00246']
CCCC(C(=O)[O-])C(=O)CC	['C16652']
CCCC(C(=O)[O-])C(O)CC	['C16651', 'C16651']
CCCC(C(=O)[O-])C([O-])CC	['C16651']
CCCC(C)C1(CC)C(=O)[N-]C(=S)NC1=O	['C07521']
CCCC(C)C1(CC)C(=O)[N-]C(=S)[N-]C1=O	['C07521']
CCCC(CC(=O)O)C(=O)[O-]	['C16657']
CCCC(CC(=O)[O-])C(=O)O	['C16657']
CCCC(CC(=O)[O-])C(=O)[O-]	['C16657']
CCCC(CC(C)=O)C(=O)[O-]	['C16655']
CCCC(CC(C)O)C(=O)[O-]	['C16649', 'C16649']
CCCC(CC(C)[O-])C(=O)[O-]	['C16649']
CCCC(CCC(=O)O)C(=O)[O-]	['C16658']
CCCC(CCC(=O)[O-])C(=O)O	['C16658']
CCCC(CCC(=O)[O-])C(=O)[O-]	['C16658']
CCCC(CCC)C(=O)[O-]	['C07185']
CCCC(CCCO)C(=O)[O-]	['C16650', 'C16650']
CCCC(CCC[O-])C(=O)[O-]	['C16650']
CCCCC=COC=CC=CCCCCCCCC(=O)[O-]	['C22918']
CCCCCC#CCC=CCCCCCCCC(=O)[O-]	['C07289']
CCCCCC(=O)C=CC=CCCCCCCCC(=O)[O-]	['C14765']
CCCCCC(=O)CC(=O)[N-]C1CCOC1=O	['C11841']
CCCCCC(=O)[N-]C1CCOC1=O	['C21197']
CCCCCC(O)=CC(=O)C=Cc1ccc([O-])c(OC)c1	['C17746']
CCCCCC(O)=CC(=O)C=Cc1ccc([O-])cc1	['C17744']
CCCCCC(O)C=CC=CCCCCCCCC(=O)[O-]	['C14762', 'C14762']
CCCCCC(O)CC(=O)CCc1ccc([O-])c(OC)c1	['C10462', 'C10462']
CCCCCC(O)CC(=O)CCc1ccc([O-])cc1	['C17747', 'C17747']
CCCCCC(O)CC(=O)[N-]C1CCOC1=O	['C21200']
CCCCCC(O)CC(=O)[O-]	['C20793', 'C20793']
CCCCCC([O-])=CC(=O)C=Cc1ccc(O)c(OC)c1	['C17746']
CCCCCC([O-])=CC(=O)C=Cc1ccc(O)cc1	['C17744']
CCCCCC([O-])=CC(=O)C=Cc1ccc([O-])c(OC)c1	['C17746']
CCCCCC([O-])=CC(=O)C=Cc1ccc([O-])cc1	['C17744']
CCCCCC([O-])C=CC=CCCCCCCCC(=O)[O-]	['C14762']
CCCCCC([O-])C=CC=O	['C21642']
CCCCCC([O-])CC(=O)CCc1ccc([O-])c(OC)c1	['C10462']
CCCCCC([O-])CC(=O)CCc1ccc([O-])cc1	['C17747']
CCCCCC([O-])CC(=O)NC1CCOC1=O	['C21200']
CCCCCC([O-])CC(=O)[N-]C1CCOC1=O	['C21200']
CCCCCC([O-])CC(=O)[O-]	['C20793']
CCCCCC1OC1CC=CCCCCCCCC(=O)[O-]	['C14826']
CCCCCC=CC=CC(=O)CCCCCCCC(=O)[O-]	['C14766']
CCCCCC=CC=CC(O)CCCCCCCC(=O)[O-]	['C14767', 'C14767']
CCCCCC=CC=CC([O-])CCCCCCCC(=O)[O-]	['C14767']
CCCCCC=CCC1OC1CCCCCCCC(=O)[O-]	['C14825']
CCCCCC=CCC=CCC=CCCCCC(=O)[O-]	['C06426']
CCCCCC=CCC=CCCCCCCCC(=O)[O-]	['C01595']
CCCCCCC(=O)[N-]C1CCOC1=O	['C11844']
CCCCCCC=CC=CCCCCCCCC(=O)[O-]	['C04056']
CCCCCCC=CCCCCCCCC(=O)[O-]	['C08362']
CCCCCCCC(=O)[N-]C1CCOC1=O	['C21199']
CCCCCCCC(=O)[O-]	['C06423']
CCCCCCCCC1=C(CCCCCCCC(=O)[O-])C1	['C08366']
CCCCCCCCC1OC1CCCCCCCC(=O)[O-]	['C19418']
CCCCCCCCC=CCCCCCCCC(=O)[O-]	['C00712']
CCCCCCCCCC(=O)C([O-])CC	['C16640']
CCCCCCCCCC(=O)CC(=O)[N-]C1CCOC1=O	['C21201']
CCCCCCCCCC(=O)[O-]	['C01571']
CCCCCCCCCC=CC(=O)[O-]	['C21202']
CCCCCCCCCCCC(=O)[O-]	['C02679']
CCCCCCCCCCCCCC(=O)[O-]	['C06424']
CCCCCCCCCCCCCC([O-])CC(=O)OC	['C11849']
CCCCCCCCCCCCCCCC(=O)C(N)C[O-]	['C02934']
CCCCCCCCCCCCCCCC(=O)NCC[O-]	['C16512']
CCCCCCCCCCCCCCCC(=O)[N-]CCO	['C16512']
CCCCCCCCCCCCCCCC(=O)[N-]CC[O-]	['C16512']
CCCCCCCCCCCCCCCC(=O)[O-]	['C00249']
CCCCCCCCCCCCCCCCCC(=O)[O-]	['C01530']
CCCCCCCCCCCCCCCC[O-]	['C00823']
CCCCCCCCCCCc1ccc[n-]1	['C21574']
CCCCCCCc1[n-]c2ccccc2c(=O)c1O	['C11848']
CCCCCCCc1[n-]c2ccccc2c(=O)c1[O-]	['C11848']
CCCCCCCc1[nH]c2ccccc2c(=O)c1[O-]	['C11848']
CCCCCCCc1cc(=O)c2ccccc2[n-]1	['C20643']
CCCCCCNC(=O)n1cc(F)c(=O)[n-]c1=O	['C13252']
CCCCCC[N-]C(=O)n1cc(F)c(=O)[n-]c1=O	['C13252']
CCCCCC[N-]C(=O)n1cc(F)c(=O)[nH]c1=O	['C13252']
CCCCCc1cc[n-]c1C	['C21572']
CCCC[O-]	['C06142']
CCCN(C=Nc1cccc(=O)[n-]1)CCC	['C15477']
CCC[O-]	['C05979']
CCN(CC)CC(=O)Nc1c(C)ccc([O-])c1C	['C16560']
CCN(CC)CC(=O)[N-]c1c(C)ccc(O)c1C	['C16560']
CCN(CC)CC(=O)[N-]c1c(C)ccc([O-])c1C	['C16560']
CCN(CC)CC(=O)[N-]c1c(C)cccc1C	['C07073']
CCNCC(=O)[N-]c1c(C)cccc1C	['C16561']
CCOP(=O)([O-])OCC	['C06608']
CC[N-]C(C)=O	['C21404']
CC[NH+](CC)CC(=O)[N-]c1c(C)ccc([O-])c1C	['C16560']
CC[O-]	['C00469']
CCc1ccc([O-])cc1	['C13637']
CCc1cccc(O)c1[O-]	['C06728']
CCc1cccc([O-])c1O	['C06728']
CCc1cccc([O-])c1[O-]	['C06728']
CN(C)CC(=O)[O-]	['C01026']
CN(C)CCOP(=O)([O-])O	['C13482']
CN(C)CCOP(=O)([O-])[O-]	['C13482']
CN(C)CCP(=O)([O-])O	['C05680']
CN(C)CCP(=O)([O-])[O-]	['C05680']
CN(C)CCc1c[n-]c2cccc(O)c12	['C08312']
CN(C)CCc1c[n-]c2cccc([O-])c12	['C08312']
CN(C)CCc1c[nH]c2cccc([O-])c12	['C08312']
CN(C)CCc1ccc([O-])cc1	['C06199']
CN(C)Cc1c[n-]c2ccccc12	['C08304']
CN(CC(=O)[O-])C(N)=O	['C01043', 'C01043']
CN(CC(=O)[O-])C([NH-])=O	['C01043']
CN(CCCC([O-])c1ccc[n+]([O-])c1)N=O	['C19603']
CN(CCCC([O-])c1cccnc1)N=O	['C19574']
CN(C[O-])N=O	['C20301']
CN(N=O)C([NH-])=O	['C14595']
CN1C(=O)N(C)C2=NC(=O)N(C)C2([O-])C1=O	['C21144']
CN1C2CCC1C(C(=O)[O-])C(O)C2	['C10858', 'C10858', 'C12449', 'C12449']
CN1C2CCC1C(C(=O)[O-])C([O-])C2	['C10858', 'C12449']
CN1C2CCC1CC(OC(=O)C(C[O-])c1ccccc1)C2	['C01479', 'C02046']
CN1C2CCC1CC(OC(=O)C([O-])Cc1ccccc1)C2	['C10860']
CN1C2CCC1CC([O-])C2	['C00729', 'C02066']
CN1CC(=O)[N-]C1=O	['C02565']
CN1CC(C(=O)O)=CC2c3cccc4[n-]cc(c34)CC21	['C22432']
CN1CC(C(=O)O)C=C2c3cccc4[n-]cc(c34)CC21	['C07541']
CN1CC(C(=O)[O-])=CC2c3cccc4[n-]cc(c34)CC21	['C22432']
CN1CC(C(=O)[O-])=CC2c3cccc4[nH]cc(c34)CC21	['C22432']
CN1CC(C(=O)[O-])C=C2c3cccc4[n-]cc(c34)CC21	['C07541']
CN1CC(C(=O)[O-])C=C2c3cccc4[nH]cc(c34)CC21	['C07541']
CN1CC(CO)=CC2c3cccc4[n-]cc(c34)CC21	['C06068']
CN1CC(C[O-])=CC2c3cccc4[n-]cc(c34)CC21	['C06068']
CN1CC(C[O-])=CC2c3cccc4[nH]cc(c34)CC21	['C06068']
CN1CCC23c4c5ccc([O-])c4OC2C(=O)C=CC3C1C5	['C01735']
CN1CCC23c4c5ccc([O-])c4OC2C(O)C=CC3C1C5	['C01516', 'C01516']
CN1CCC23c4c5ccc([O-])c4OC2C([O-])C=CC3C1C5	['C01516']
CN1CCC=C1c1ccc(=O)[nH]c1[O-]	['C16151']
CN1CCC=C1c1ccc(O)nc1[O-]	['C16151']
CN1CCC=C1c1ccc([O-])nc1	['C21075']
CN1CCC=C1c1ccc([O-])nc1O	['C16151']
CN1CCC=C1c1ccc([O-])nc1[O-]	['C16151']
CN1CCCC1CC(=O)CC(=O)[O-]	['C22421']
CN1CCCC1c1ccc([O-])nc1	['C01056', 'C03043']
CN1CCCCC1CC([O-])c1ccccc1	['C10171']
CN=C(C)C([O-])c1ccccc1	['C04351']
CNC(=O)N(C)C1[N-]C(=O)N(C)C1=O	['C16362']
CNC(C)C([O-])c1ccccc1	['C01575', 'C02765']
CNC([NH-])=O	['C16363']
CNC1Cc2c[n-]c3cccc(c23)C1C=C(C)C=O	['C20379']
CNC1Cc2c[n-]c3cccc(c23)C1CC(C)C=O	['C21897']
CNCC(=O)[O-]	['C00213']
CNCCCC(=O)[O-]	['C15987']
CNCCCC(=O)c1ccc([O-])nc1	['C01297']
CNCCc1c[n-]c2ccccc12	['C06213']
CNCCc1ccc([O-])cc1	['C02442']
CNCc1c[n-]c2ccccc12	['C21602']
CNc1ccccc1C(=O)[O-]	['C03005']
COC(=O)C1=COC([O-])C2C(C)CCC12	['C20790']
COC(=O)C1C([O-])CC2CCC1N2C	['C12448']
COC(=O)C=C(C)CCC=C(C)CCC(O)C(C)(C)[O-]	['C16505']
COC(=O)C=C(C)CCC=C(C)CCC([O-])C(C)(C)O	['C16505']
COC(=O)C=C(C)CCC=C(C)CCC([O-])C(C)(C)[O-]	['C16505']
COC(=O)C=C(C)CCC=C(C)CCC1OC1(C)C[O-]	['C16508']
COC(=O)c1ccc(N)cc1[O-]	['C14170']
COC(=O)c1ccc([O-])c(N)c1	['C14171']
COC(=O)c1ccccc1[O-]	['C12305']
COC1=CC=C2C3Cc4ccc([O-])c5c4C2(CCN3C)C1O5	['C06175']
COC1C([O-])CCC2(CO2)C1C1(C)OC1CC=C(C)C	['C22618']
COc1c([O-])ccc2cc3ccccc3cc12	['C16208']
COc1c2c(nc3ccccc13)OC(C(C)(C)[O-])C2	['C16721']
COc1cc(-c2ccc[n-]2)[n-]c1C=O	['C21570']
COc1cc(-c2ccc[n-]2)[nH]c1C=O	['C21570']
COc1cc(-c2ccc[nH]2)[n-]c1C=O	['C21570']
COc1cc(C(=O)[O-])cc(OC)c1O	['C10833', 'C10833']
COc1cc(C(=O)[O-])cc(OC)c1[O-]	['C10833']
COc1cc(C(=O)[O-])ccc1O	['C06672', 'C06672']
COc1cc(C(=O)[O-])ccc1[O-]	['C06672']
COc1cc(C(O)C=O)ccc1[O-]	['C05583', 'C05583']
COc1cc(C([O-])C=O)ccc1[O-]	['C05583']
COc1cc(C)c2ccc(O)c(C(=O)[O-])c2c1	['C20841', 'C20841']
COc1cc(C)c2ccc([O-])c(C(=O)[O-])c2c1	['C20841']
COc1cc(C=CC(=O)[O-])cc(OC)c1O	['C00482', 'C00482']
COc1cc(C=CC(=O)[O-])cc(OC)c1[O-]	['C00482']
COc1cc(C=CC(=O)[O-])ccc1O	['C01494', 'C01494']
COc1cc(C=CC(=O)[O-])ccc1[O-]	['C01494']
COc1cc(C=CC=O)cc(O)c1[O-]	['C12204']
COc1cc(C=CC=O)cc(OC)c1[O-]	['C05610']
COc1cc(C=CC=O)cc([O-])c1O	['C12204']
COc1cc(C=CC=O)cc([O-])c1[O-]	['C12204']
COc1cc(C=CC=O)ccc1[O-]	['C02666']
COc1cc(C=CCO)cc(OC)c1[O-]	['C02325', 'C02325']
COc1cc(C=CCO)ccc1[O-]	['C00590', 'C00590']
COc1cc(C=CCOC(C)=O)ccc1[O-]	['C20225']
COc1cc(C=CC[O-])cc(OC)c1[O-]	['C02325']
COc1cc(C=CC[O-])ccc1[O-]	['C00590']
COc1cc(C=Cc2ccc([O-])cc2)cc(OC)c1	['C10287']
COc1cc(C=O)ccc1[O-]	['C00755']
COc1cc(CC(=O)[O-])ccc1O	['C05582', 'C05582']
COc1cc(CC(=O)[O-])ccc1[O-]	['C05582']
COc1cc(CC=O)ccc1[O-]	['C05581']
COc1cc(CCN)ccc1[O-]	['C05587']
COc1cc(CN)ccc1[O-]	['C16666']
COc1cc(CO)ccc1[O-]	['C06317', 'C06317']
COc1cc(C[O-])ccc1[O-]	['C06317']
COc1cc(O)c(C)c(CC=C(C)CCC=C(C)C)c1[O-]	['C19859']
COc1cc(O)cc(CC=C(C)CCC=C(C)C)c1[O-]	['C19858']
COc1cc([O-])c(C)c(CC=C(C)CCC=C(C)C)c1O	['C19859']
COc1cc([O-])c(C)c(CC=C(C)CCC=C(C)C)c1[O-]	['C19859']
COc1cc([O-])c2c(c1)OC(c1ccccc1)CC2=O	['C16419']
COc1cc([O-])cc(CC=C(C)CCC=C(C)C)c1O	['C19858']
COc1cc([O-])cc(CC=C(C)CCC=C(C)C)c1[O-]	['C19858']
COc1cc2c(c([O-])c1OC)C(C)NCC2	['C16704']
COc1cc2c(c([O-])c1OC)CNCC2	['C12231']
COc1cc2c(cc1O)C(Cc1ccc([O-])cc1)N(C)CC2	['C05176', 'C05243']
COc1cc2c(cc1[O-])C(Cc1ccc(O)cc1)N(C)CC2	['C05176', 'C05243']
COc1cc2c(cc1[O-])C(Cc1ccc([O-])cc1)N(C)CC2	['C05176', 'C05243']
COc1cc2c(cc1[O-])C(Cc1ccc([O-])cc1)[NH+](C)CC2	['C05176', 'C05243']
COc1cc2c(cc1[O-])CN1CCC23C=CC(=O)CC13	['C21405', 'C21406']
COc1cc2c(cc1[O-])CN1CCC23C=CC(O)CC13	['C12180', 'C12180', 'C21635', 'C21635']
COc1cc2c(cc1[O-])CN1CCC23C=CC([O-])CC13	['C12180', 'C21635']
COc1cc2c(cc1[O-])CN1CCC23CCC(O)CC13	['C21637', 'C21637', 'C21639', 'C21639']
COc1cc2c(cc1[O-])CN1CCC23CCC([O-])CC13	['C21637', 'C21639']
COc1cc2c(cc1[O-])CN1CCC3=CCC(=O)C2C31	['C21633']
COc1cc2c(cc1[O-])C[NH+]1CCC23C=CC([O-])CC13	['C12180', 'C21635']
COc1cc2c(cc1[O-])C[NH+]1CCC23CCC([O-])CC13	['C21637', 'C21639']
COc1cc2ccc(=O)oc2cc1[O-]	['C01752']
COc1cc2nc[n-]c2cc1C	['C22451']
COc1cc2oc(=O)ccc2cc1[O-]	['C18079']
COc1ccc(-c2coc3cc([O-])ccc3c2=O)cc1	['C00858']
COc1ccc(C(=O)[O-])cc1	['C02519']
COc1ccc(C2COc3cc(O)ccc3C2)c([O-])c1	['C16225']
COc1ccc(C2COc3cc([O-])ccc3C2)c(O)c1	['C16225']
COc1ccc(C2COc3cc([O-])ccc3C2)c([O-])c1	['C16225']
COc1ccc(C=Cc2cc([O-])cc(O)c2)cc1	['C22988']
COc1ccc(C=Cc2cc([O-])cc([O-])c2)cc1	['C22988']
COc1ccc(NC=O)c(C(=O)CC[N-]C(C)=O)c1	['C05642']
COc1ccc([N-]C=O)c(C(=O)CCNC(C)=O)c1	['C05642']
COc1ccc([N-]C=O)c(C(=O)CC[N-]C(C)=O)c1	['C05642']
COc1ccc2[n-]cc(CC(=O)O)c2c1	['C05660']
COc1ccc2[n-]cc(CC(=O)[O-])c2c1	['C05660']
COc1ccc2[n-]cc(CCN)c2c1	['C05659']
COc1ccc2[n-]cc(CCNC(C)=O)c2c1	['C01598']
COc1ccc2[n-]cc(CC[N-]C(C)=O)c2c1	['C01598']
COc1ccc2[n-]cnc2c1	['C22450']
COc1ccc2[nH]cc(CC(=O)[O-])c2c1	['C05660']
COc1ccc2[nH]cc(CC[N-]C(C)=O)c2c1	['C01598']
COc1ccc2c(=O)c(-c3ccc([O-])cc3)coc2c1	['C12125']
COc1ccc2c(c1)OC1c3ccc([O-])cc3OCC21	['C10503']
COc1ccc2c(c1)[n-]c1c(C)nccc12	['C06538']
COc1ccc2c3c([n-]c2c1)C(C)=NCC3	['C06536']
COc1ccc2c3c([n-]c2c1)C(C)NCC3	['C09243']
COc1ccc2c3c1OC1C([O-])C=CC4C(C2)N(C)CCC341	['C06174']
COc1ccc2c3c1OC1C([O-])C=CC4C(C2)NCCC341	['C16576']
COc1ccc2c3c1OC1CC([O-])C=CC31CCN(C)C2	['C08526']
COc1ccc2c3c1OC1CC([O-])C=CC31CCNC2	['C12173']
COc1ccc2ccc3c([O-])ccc4ccc1c2c43	['C18261']
COc1cccc(C(=O)[O-])c1N	['C05831']
COc1cccc(CC=C(C)CCC=C(C)C)c1[O-]	['C17552']
COc1cccc2c(=O)cc(C(=O)[O-])[nH]c12	['C05830']
COc1cccc2c(O)cc(C(=O)[O-])nc12	['C05830', 'C05830']
COc1cccc2c([O-])cc(C(=O)[O-])nc12	['C05830']
COc1ccccc1[O-]	['C01502']
CP(=O)([O-])O	['C20396']
CP(=O)([O-])[O-]	['C20396']
CS(=O)(=O)[O-]	['C11145', 'C12560']
CSCC(N)C(=O)[O-]	['C22040']
CSCCC(=O)C(=O)[O-]	['C01180']
CSCCC(=O)C(O)=C[O-]	['C15606']
CSCCC(=O)C([O-])=CO	['C15606']
CSCCC(=O)C([O-])=C[O-]	['C15606']
CSCCC(=O)[O-]	['C08276']
CSCCC(N)C(=O)[O-]	['C00073', 'C00855']
CSCCC(NC=O)C(=O)[O-]	['C03145']
CSCCC([N-]C=O)C(=O)O	['C03145']
CSCCC([N-]C=O)C(=O)[O-]	['C03145']
CSCCCC(=O)C(=O)[O-]	['C17211']
CSCCCC(N)C(=O)[O-]	['C17213']
CSCCCC([S-])=NO	['C17243']
CSCCCCC(=O)C(=O)[O-]	['C17216']
CSCCCCC(N)C(=O)[O-]	['C17217']
CSCCCCCC(=O)C(=O)[O-]	['C17220']
CSCCCCCC(N)C(=O)[O-]	['C17221']
CSCCCCCCC(=O)C(=O)[O-]	['C17224']
CSCCCCCCC(N)C(=O)[O-]	['C17225']
CSCCCCCCCC(=O)C(=O)[O-]	['C17228']
CSCCCCCCCC(N)C(=O)[O-]	['C17229']
CSCCCCCCCCC(=O)C(=O)[O-]	['C17232']
CSCCCCCCCCC(N)C(=O)[O-]	['C17233']
CSCCS(=O)(=O)[O-]	['C03920']
CSc1ncnc2nc[n-]c12	['C16614']
C[N+](C)(C)C(Cc1c[n-]cn1)C(=O)[O-]	['C05575']
C[N+](C)(C)CC([O-])CC(=O)[O-]	['C00318', 'C00487']
C[N+](C)(C)CCOP(=O)([O-])[O-]	['C00588']
C[N+](C)(C)CCP(=O)([O-])[O-]	['C06459']
C[N-]C(=O)N(C)C1NC(=O)N(C)C1=O	['C16362']
C[N-]C(=O)N(C)C1[N-]C(=O)N(C)C1=O	['C16362']
C[N-]C(=O)N(C)C1[N-]C(=O)[NH+](C)C1=O	['C16362']
C[N-]C(=O)NC	['C16364']
C[N-]C(=O)Oc1ccc2c(c1)C1(C)CCN(C)C1N2C	['C06535']
C[N-]C(=O)[N-]C	['C16364']
C[N-]C(=O)[NH+](C)C1[N-]C(=O)N(C)C1=O	['C16362']
C[N-]C(N)=O	['C16363']
C[N-]C([NH-])=O	['C16363']
C[NH+](C)CCOP(=O)([O-])[O-]	['C13482']
C[NH+](C)CCP(=O)([O-])[O-]	['C05680']
C[NH+](C)CCc1c[n-]c2cccc([O-])c12	['C08312']
C[NH+](CC(=O)[O-])C([NH-])=O	['C01043']
C[NH+]1C2CCC1C(C(=O)[O-])C([O-])C2	['C10858', 'C12449']
C[NH+]1CC(C(=O)[O-])=CC2c3cccc4[n-]cc(c34)CC21	['C22432']
C[NH+]1CC(C(=O)[O-])C=C2c3cccc4[n-]cc(c34)CC21	['C07541']
C[NH+]1CC(C[O-])=CC2c3cccc4[n-]cc(c34)CC21	['C06068']
C[NH+]1CCC23c4c5ccc([O-])c4OC2C([O-])C=CC3C1C5	['C01516']
C[NH+]1CCC=C1c1ccc([O-])nc1[O-]	['C16151']
C[O-]	['C00132']
C[S-]	['C00409']
C[Se](=O)CC(N)C(=O)[O-]	['C18905']
C[Se]CC(=O)C(=O)[O-]	['C18904']
C[Se]CC(N)C(=O)[O-]	['C05689']
C[Se]CCC(N)C(=O)[O-]	['C05335']
Cc1[n-]cnc1CCN	['C17929']
Cc1[nH+]cc(C(=O)[O-])cc1[O-]	['C01270']
Cc1[nH+]cc(C=O)c(C(=O)[O-])c1[O-]	['C06050']
Cc1[nH+]cc(C=O)c(C[O-])c1[O-]	['C06051']
Cc1[nH+]cc(C[O-])c(C=O)c1[O-]	['C00250']
Cc1[nH+]csc1CCOP(=O)([O-])[O-]	['C04327']
Cc1c(Cl)cc(Cl)c(O)c1[O-]	['C18302']
Cc1c(Cl)cc(Cl)c([O-])c1O	['C18302']
Cc1c(Cl)cc(Cl)c([O-])c1[O-]	['C18302']
Cc1c2c(c(C)c3ccccc13)C(O)C([O-])c1ccccc1-2	['C19607']
Cc1c2c(c(C)c3ccccc13)C([O-])C(O)c1ccccc1-2	['C19607']
Cc1c2c(c(C)c3ccccc13)C([O-])C([O-])c1ccccc1-2	['C19607']
Cc1c2ccccc2c(C)c2c3c(ccc12)C(O)C([O-])C=C3	['C19490']
Cc1c2ccccc2c(C)c2c3c(ccc12)C([O-])C(O)C=C3	['C19490']
Cc1c2ccccc2c(C)c2c3c(ccc12)C([O-])C([O-])C=C3	['C19490']
Cc1c2ccccc2c(C[O-])c2ccc3ccccc3c12	['C19561']
Cc1c[n-]c(=O)[n-]c1=O	['C00178']
Cc1c[n-]c(=O)[nH]c1=O	['C00178']
Cc1c[n-]c(=O)nc1N	['C02376']
Cc1c[n-]c2ccccc12	['C08313']
Cc1c[nH]c(=O)[n-]c1=O	['C00178']
Cc1cc(C(=O)[O-])ccc1O	['C21167', 'C21167']
Cc1cc(C(=O)[O-])ccc1[O-]	['C21167']
Cc1cc(C=O)ccc1[O-]	['C21166']
Cc1cc(O)c([O-])cc1[N+](=O)[O-]	['C18315']
Cc1cc([O-])c(O)cc1[N+](=O)[O-]	['C18315']
Cc1cc([O-])c([O-])cc1[N+](=O)[O-]	['C18315']
Cc1cc([O-])c2ccccc2n1	['C21873']
Cc1cc([O-])cc(C)c1N	['C16570']
Cc1cc2nc3[n-]c(=O)[n-]c(=O)c3[nH+]c2cc1C	['C01727']
Cc1cc2nc3[n-]c(=O)[n-]c(=O)c3nc2cc1C	['C01727']
Cc1cc2nc3[n-]c(=O)[nH]c(=O)c3nc2cc1C	['C01727']
Cc1cc2nc3[nH]c(=O)[n-]c(=O)c3nc2cc1C	['C01727']
Cc1cc2nc3c(=O)[n-]c(=O)[n-]c3[nH+]c2cc1C	['C01727']
Cc1cc2nc[n-]c2cc1C	['C03114']
Cc1ccc(C(=O)[O-])c(O)c1	['C14103', 'C14103']
Cc1ccc(C(=O)[O-])c([O-])c1	['C14103']
Cc1ccc(C(=O)[O-])cc1	['C01454']
Cc1ccc(C)c(OCCCC(C)(C)C(=O)[O-])c1	['C07020']
Cc1ccc(C[O-])cc1	['C06757']
Cc1ccc(O)c([O-])c1	['C06730']
Cc1ccc(S(=O)(=O)[O-])cc1	['C06677']
Cc1ccc([O-])c(C)c1	['C14582']
Cc1ccc([O-])c(O)c1	['C06730']
Cc1ccc([O-])c([O-])c1	['C06730']
Cc1ccc([O-])cc1	['C01468']
Cc1ccc2c(c1)C(O)C([O-])C=C2	['C14102']
Cc1ccc2c(c1)C([O-])C(O)C=C2	['C14102']
Cc1ccc2c(c1)C([O-])C([O-])C=C2	['C14102']
Cc1cccc(C(=O)[O-])c1	['C07211']
Cc1cccc(C(=O)[O-])c1N	['C16571']
Cc1cccc(C(=O)[O-])c1O	['C14088', 'C14088']
Cc1cccc(C(=O)[O-])c1[O-]	['C14088']
Cc1cccc(C)c1[N-]C(=O)CN	['C16569']
Cc1cccc(C=CC(=O)C(=O)[O-])c1O	['C14086', 'C14086']
Cc1cccc(C=CC(=O)C(=O)[O-])c1[O-]	['C14086']
Cc1cccc(C=O)c1[O-]	['C14087']
Cc1cccc(C[O-])c1	['C07216']
Cc1cccc(O)c1C(=O)[O-]	['C02657', 'C02657']
Cc1cccc(O)c1[O-]	['C02923']
Cc1cccc([O-])c1	['C01467']
Cc1cccc([O-])c1C(=O)[O-]	['C02657']
Cc1cccc([O-])c1O	['C02923']
Cc1cccc([O-])c1[O-]	['C02923']
Cc1cccc2c(C(=O)[O-])c(O)ccc12	['C20856', 'C20856']
Cc1cccc2c(C(=O)[O-])c([O-])ccc12	['C20856']
Cc1cccc2c1C(O)C([O-])C=C2	['C14083']
Cc1cccc2c1C([O-])C(O)C=C2	['C14083']
Cc1cccc2c1C([O-])C([O-])C=C2	['C14083']
Cc1cccc2c1OC(O)(C(=O)[O-])C=C2	['C14085', 'C14085']
Cc1cccc2c1OC([O-])(C(=O)[O-])C=C2	['C14085']
Cc1cccc2ccc(O)c([O-])c12	['C14084']
Cc1cccc2ccc([O-])c(O)c12	['C14084']
Cc1cccc2ccc([O-])c([O-])c12	['C14084']
Cc1ccccc1C(=O)[O-]	['C07215']
Cc1ccccc1C[O-]	['C07213']
Cc1ccccc1[O-]	['C01542']
Cc1ncc(C(=O)[O-])cc1O	['C01270', 'C01270']
Cc1ncc(C(=O)[O-])cc1[O-]	['C01270']
Cc1ncc(C=O)c(C(=O)[O-])c1O	['C06050', 'C06050']
Cc1ncc(C=O)c(C(=O)[O-])c1[O-]	['C06050']
Cc1ncc(C=O)c(CO)c1[O-]	['C06051', 'C06051']
Cc1ncc(C=O)c(C[O-])c1[O-]	['C06051']
Cc1ncc(CO)c(C=O)c1[O-]	['C00250', 'C00250']
Cc1ncc(C[N-]C=O)c(N)n1	['C19872']
Cc1ncc(C[O-])c(C=O)c1[O-]	['C00250']
Cc1ncc(C[O-])c(N)n1	['C01279']
Cc1ncc2c(c1[O-])C(=O)OC2	['C00971']
Cc1ncc2c(c1[O-])COC2=O	['C06052']
Cc1nccc2c1[n-]c1ccccc12	['C09209']
Cc1ncsc1CCOP(=O)([O-])O	['C04327']
Cc1ncsc1CCOP(=O)([O-])[O-]	['C04327']
Cc1ncsc1CC[O-]	['C04294']
Cc1occc(=O)c1[O-]	['C11918']
Cn1c(=O)[n-]c(=O)c2[n-]c[nH+]c21	['C16357']
Cn1c(=O)[n-]c(=O)c2[n-]cnc21	['C16357']
Cn1c(=O)[n-]c(=O)c2[nH]cnc21	['C16357']
Cn1c(=O)[n-]c2[nH+]c[n-]c2c1=O	['C16358']
Cn1c(=O)[n-]c2nc[n-]c2c1=O	['C16358']
Cn1c(=O)[n-]c2nc[nH]c2c1=O	['C16358']
Cn1c(=O)[nH]c(=O)c2[n-]cnc21	['C16357']
Cn1c(=O)[nH]c2nc[n-]c2c1=O	['C16358']
Cn1c2ccccc2c(=O)c2c(O)cc([O-])cc21	['C12093']
Cn1c2ccccc2c(=O)c2c([O-])cc(O)cc21	['C12093']
Cn1c2ccccc2c(=O)c2c([O-])cc([O-])cc21	['C12093']
Cn1c[nH+]c2[n-]c(=O)[n-]c(=O)c21	['C16353']
Cn1cc(C([NH-])=O)ccc1=O	['C05842']
Cn1ccc(=O)c(C([NH-])=O)c1	['C05843']
Cn1cnc(CC(=O)[O-])c1	['C05828']
Cn1cnc2[n-]c(=O)[n-]c(=O)c21	['C16353']
Cn1cnc2[n-]c(=O)[nH]c(=O)c21	['C16353']
Cn1cnc2[nH]c(=O)[n-]c(=O)c21	['C16353']
Cn1cncc1CC(N)C(=O)[O-]	['C01152']
N#CC(N)CCC(=O)[O-]	['C05715']
N#CC(O)c1ccc([O-])cc1	['C03742', 'C03742']
N#CC([O-])c1ccc([O-])cc1	['C03742']
N#CC([O-])c1ccccc1	['C00561']
N#CCC(N)C(=O)[O-]	['C02512']
N#CCc1c[n-]c2ccccc12	['C02938']
N#C[O-]	['C01417']
N#Cc1cc(Br)c([O-])c(Br)c1	['C04178']
N=C(c1ccccc1)S(=O)[O-]	['C16285']
N=CC(=O)[O-]	['C15809']
NC(=CC=CC=O)C(=O)[O-]	['C03824']
NC(=O)C(=O)CCC(=O)[O-]	['C05572', 'C05572']
NC(=O)C(=O)[O-]	['C01444', 'C01444']
NC(=O)C=CC(=O)[O-]	['C01596', 'C01596']
NC(=O)CC(=O)C(=O)[O-]	['C02362', 'C02362']
NC(=O)CCC(=O)C(=O)[O-]	['C00940', 'C00940']
NC(=O)Cc1c[n-]c2ccccc12	['C02693']
NC(=O)N1c2ccccc2C=Cc2cc([O-])ccc21	['C16601', 'C16601']
NC(=O)N1c2ccccc2C=Cc2ccc([O-])cc21	['C16602', 'C16602']
NC(=O)OCC(C(=O)[O-])c1ccccc1	['C16591', 'C16591']
NC(=O)[O-]	['C01563']
NC(=O)c1cc(Br)c([O-])c(Br)c1	['C16246', 'C16246']
NC(C=O)CCC(=O)[O-]	['C03741']
NC(C=O)Cc1c[n-]cn1	['C01929']
NC(CC1=CC(=O)C(=O)C=C1)C(=O)[O-]	['C00822']
NC(CC1CCC(=O)C2OC12)C(=O)[O-]	['C20941']
NC(CC=O)C(=O)[O-]	['C00441']
NC(CCC=O)C(=O)[O-]	['C01165']
NC(CCCC=O)C(=O)[O-]	['C04076']
NC(CC[SeH])C(=O)[O-]	['C05698']
NC(CCc1ccccc1)C(=O)[O-]	['C17235']
NC(C[SeH])C(=O)[O-]	['C05688']
NC(Cc1ccccc1)C(=O)[O-]	['C00079', 'C02265']
NC1(C(=O)[O-])CC1	['C01234']
NC1C(=O)CC=CC1C(=O)[O-]	['C19831']
NC1CO[N-]C1=O	['C08057']
NC=CC(=O)O[O-]	['C20249']
NC=CC(=O)[O-]	['C20253']
NCC(=O)CCC(=O)[O-]	['C00430']
NCC(=O)[O-]	['C00037']
NCC(F)C(=O)[O-]	['C16632']
NCC=C1OC2CC(=O)N2C1C(=O)[O-]	['C06660']
NCCC(=O)[O-]	['C00099']
NCCC1OC2CC(=O)N2C1C(=O)[O-]	['C06659']
NCCCC(=O)C(=O)[O-]	['C01110']
NCCCC(=O)[O-]	['C00334']
NCCCCC(=O)C(=O)[O-]	['C03239']
NCCCCC(=O)[O-]	['C00431']
NCCCCCC(=O)[O-]	['C02378']
NCCS(=O)(=O)[O-]	['C00245']
NCCS(=O)[O-]	['C00519']
NCCSC1CC2CC(=O)N2C1C(=O)[O-]	['C20817']
NCC[O-]	['C00189']
NCC[S-]	['C01678']
NCCc1c[n-]c2ccccc12	['C00398']
NCCc1c[n-]cn1	['C00388']
NCCc1ccc([O-])cc1	['C00483']
NCc1c[n-]c2ccccc12	['C21601']
NP(=O)(OCCC(=O)[O-])N(CCCl)CCCl	['C07646']
NP(=O)(OCCC[O-])N(CCCl)CCCl	['C16551']
N[N-]C(=O)c1ccncc1	['C07054']
Nc1c(Cl)cccc1-c1c[n-]cc1Cl	['C21109']
Nc1c(Cl)cccc1-c1cc[n-]c1	['C21110']
Nc1cc[n-]c(=O)n1	['C00380']
Nc1ccc(C(=O)[O-])cc1	['C00568']
Nc1ccc(S(=O)(=O)[O-])cc1	['C06335']
Nc1ccc([O-])cc1	['C02372']
Nc1ccccc1C(=O)CC(=O)C(=O)[O-]	['C01252']
Nc1ccccc1C(=O)CC(=O)[O-]	['C21453']
Nc1ccccc1C(=O)[O-]	['C00108']
Nc1ccccc1S(=O)(=O)[O-]	['C06333']
Nc1ccccc1[O-]	['C01987']
Nc1cnc[n-]1	['C05239']
Nc1ncnc2[n-]cnc12	['C00147']
O=C(C=Cc1ccc(O)cc1)[N-]C1CCOC1=O	['C20677']
O=C(C=Cc1ccc([O-])cc1)NC1CCOC1=O	['C20677']
O=C(C=Cc1ccc([O-])cc1)[N-]C1CCOC1=O	['C20677']
O=C(CCC[O-])c1cccnc1	['C19565']
O=C(CO)c1ccc([O-])cc1	['C13635', 'C13635']
O=C(C[O-])CO	['C00184']
O=C(C[O-])C[O-]	['C00184']
O=C(C[O-])c1ccc([O-])cc1	['C13635']
O=C(C[O-])c1ccccc1	['C07189']
O=C(O)C(=O)C=Cc1ccccc1C(=O)[O-]	['C16149']
O=C(O)C(=O)CS(=O)(=O)[O-]	['C05528']
O=C(O)C(=O)CS(=O)[O-]	['C05527', 'C05527']
O=C(O)C(=O)Cc1c[n-]c2ccccc12	['C00331']
O=C(O)C(Cl)=C(Cl)C(=O)C(Cl)C(=O)[O-]	['C18243']
O=C(O)C(Cl)=CC(=O)C(Cl)C(=O)[O-]	['C12835']
O=C(O)C([O-])=CC=C1C(=O)Cc2ccccc21	['C07718']
O=C(O)C([O-])=CC=C1Cc2ccccc2C1=O	['C07725']
O=C(O)C([O-])=CC=CC(=O)c1ccc(Cl)cc1	['C06587']
O=C(O)C([O-])=CC=CC(=O)c1ccccc1	['C01273']
O=C(O)C([O-])=Cc1ccccc1	['C02763']
O=C(O)C1=NC(C(=O)[O-])CCC1	['C03972']
O=C(O)C=C(Cl)C=C(Cl)C(=O)[O-]	['C03918']
O=C(O)C=CC(=O)CC(=O)C(=O)[O-]	['C02167', 'C02514']
O=C(O)C=CC(=O)CC(=O)CC(=O)[O-]	['C01036', 'C01061']
O=C(O)C=CC(=O)CC(=O)[O-]	['C02222']
O=C(O)C=CC=C(Cl)C(=O)[O-]	['C03572']
O=C(O)C=CC=C(F)C(=O)[O-]	['C16475']
O=C(O)C=CCC(=O)C(=O)[O-]	['C03453']
O=C(O)C=CCCCCCCCCC(=O)[O-]	['C16308']
O=C(O)C=Cc1cc2ccccc2cc1C(=O)[O-]	['C16209']
O=C(O)C=c1ccccc1=CC(=O)C(=O)[O-]	['C16214']
O=C(O)CC(=O)C(=O)[O-]	['C00036']
O=C(O)CC(=O)C=C(Br)C(=O)[O-]	['C16249']
O=C(O)CC(=O)C=C(Cl)C(=O)[O-]	['C06329']
O=C(O)CC(C(=O)[O-])[N+](=O)[O-]	['C22388']
O=C(O)CC(Cc1ccc2ccccc2c1)C(=O)[O-]	['C14115']
O=C(O)CC(Cc1ccccc1)C(=O)[O-]	['C09816']
O=C(O)CC(Cl)C(=O)C(Cl)C(=O)[O-]	['C18244']
O=C(O)CC1(C(=O)[O-])C=CC(=O)O1	['C01278']
O=C(O)CC1C(=O)[N-]c2ccccc21	['C22202']
O=C(O)CC1CCCCC1C(=O)[O-]	['C14112']
O=C(O)CC1OC(=O)C=C1C(=O)[O-]	['C04553']
O=C(O)CCC(=O)C(=O)[O-]	['C00026']
O=C(O)CCC(=O)C(Cl)C(=O)[O-]	['C12836']
O=C(O)CCC(=O)N1CCCC1C(=O)[O-]	['C11711']
O=C(O)CCC(=O)c1ccccc1C(=O)[O-]	['C02730']
O=C(O)CCC=CC(=O)C(=O)[O-]	['C03063']
O=C(O)CCCC(=O)C(=O)[O-]	['C00322']
O=C(O)CCCCC(=O)C(=O)[O-]	['C16588']
O=C(O)CCCCCC(=O)C(=O)[O-]	['C16589']
O=C(O)CS(=O)(=O)[O-]	['C14179']
O=C(O)C[N-]C(=O)Cc1ccccc1	['C05598']
O=C(O)C[N-]C(=O)c1cccnc1	['C05380']
O=C(O)C[N-]C(=O)c1ccncc1	['C16623']
O=C(O)Cc1c[n-]c2ccccc12	['C00954']
O=C(O)c1cc(C(=O)[O-])oc(=O)c1	['C03671']
O=C(O)c1ccc(S(=O)(=O)[O-])cc1	['C02236']
O=C(O)c1ccc[n-]1	['C05942']
O=C(O)c1cccnc1C(=O)[O-]	['C03722']
O=C(OP(=O)([O-])O)c1ccccc1	['C06206']
O=C(OP(=O)([O-])[O-])c1ccccc1	['C06206']
O=C(Oc1ccc(O)cc1)c1ccc([O-])cc1	['C18216']
O=C(Oc1ccc([O-])cc1)c1ccc(O)cc1	['C18216']
O=C(Oc1ccc([O-])cc1)c1ccc([O-])cc1	['C18216']
O=C([O-])C#CC(=O)O	['C03248']
O=C([O-])C#CC(=O)[O-]	['C03248']
O=C([O-])C(=C(Cl)Cl)c1ccc(Cl)cc1	['C06646']
O=C([O-])C(=O)C=C1C=CC(O)CC1	['C21085', 'C21085']
O=C([O-])C(=O)C=C1C=CC([O-])CC1	['C21085']
O=C([O-])C(=O)C=C1CCC(O)C2OC12	['C21086', 'C21086']
O=C([O-])C(=O)C=C1CCC([O-])C2OC12	['C21086']
O=C([O-])C(=O)C=Cc1cc2ccccc2cc1O	['C16210', 'C16210']
O=C([O-])C(=O)C=Cc1cc2ccccc2cc1[O-]	['C16210']
O=C([O-])C(=O)C=Cc1ccc2ccccc2c1O	['C11426', 'C11426']
O=C([O-])C(=O)C=Cc1ccc2ccccc2c1[O-]	['C11426']
O=C([O-])C(=O)C=Cc1ccccc1C(=O)O	['C16149']
O=C([O-])C(=O)C=Cc1ccccc1C(=O)[O-]	['C16149']
O=C([O-])C(=O)C=Cc1ccccc1O	['C06203', 'C06203']
O=C([O-])C(=O)C=Cc1ccccc1[O-]	['C06203']
O=C([O-])C(=O)CC1=CCC(O)C=C1	['C20953', 'C20953']
O=C([O-])C(=O)CC1=CCC([O-])C=C1	['C20953']
O=C([O-])C(=O)CC1CCC(O)C2OC12	['C21087', 'C21087']
O=C([O-])C(=O)CC1CCC([O-])C2OC12	['C21087']
O=C([O-])C(=O)CC[PH](=O)O	['C17948']
O=C([O-])C(=O)CCc1ccccc1	['C20327']
O=C([O-])C(=O)CO	['C00168', 'C00168']
O=C([O-])C(=O)CS	['C00957', 'C00957']
O=C([O-])C(=O)CS(=O)(=O)[O-]	['C05528']
O=C([O-])C(=O)CS(=O)[O-]	['C05527']
O=C([O-])C(=O)CSC1c2ccccc2C=CC1O	['C14799', 'C14799']
O=C([O-])C(=O)CSC1c2ccccc2C=CC1[O-]	['C14799']
O=C([O-])C(=O)C[O-]	['C00168']
O=C([O-])C(=O)C[PH](=O)O	['C06368']
O=C([O-])C(=O)C[S-]	['C00957']
O=C([O-])C(=O)Cc1c[n-]c2ccccc12	['C00331']
O=C([O-])C(=O)Cc1c[nH+]c[n-]1	['C03277']
O=C([O-])C(=O)Cc1c[nH]c2ccccc12	['C00331']
O=C([O-])C(=O)Cc1ccc(O)cc1	['C01179', 'C01179']
O=C([O-])C(=O)Cc1ccc([O-])cc1	['C01179']
O=C([O-])C(=O)Cc1ccccc1	['C00166']
O=C([O-])C(=O)Cc1cnc[n-]1	['C03277']
O=C([O-])C(=O)Cc1cnc[nH]1	['C03277', 'C03277']
O=C([O-])C(=O)O	['C00209']
O=C([O-])C(=O)[O-]	['C00209']
O=C([O-])C(=O)c1ccc(O)cc1	['C03590', 'C03590']
O=C([O-])C(=O)c1ccc([O-])cc1	['C03590']
O=C([O-])C(=O)c1ccccc1	['C02137']
O=C([O-])C(CO)c1ccccc1	['C01456', 'C01456']
O=C([O-])C(C[O-])c1ccccc1	['C01456']
O=C([O-])C(Cl)(Cl)Cl	['C11150']
O=C([O-])C(Cl)=C(Cl)C(=O)C(Cl)C(=O)O	['C18243']
O=C([O-])C(Cl)=C(Cl)C(=O)C(Cl)C(=O)[O-]	['C18243']
O=C([O-])C(Cl)=C(Cl)C(Cl)=C(Cl)C(=O)O	['C18241']
O=C([O-])C(Cl)=C(Cl)C(Cl)=C(Cl)C(=O)[O-]	['C18241']
O=C([O-])C(Cl)=C(Cl)C=C(Cl)C(=O)O	['C12833']
O=C([O-])C(Cl)=C1C=C(Cl)C(=O)O1	['C12834']
O=C([O-])C(Cl)=C1OC(=O)C(Cl)=C1Cl	['C18242']
O=C([O-])C(Cl)=CC(=O)C(Cl)C(=O)O	['C12835']
O=C([O-])C(Cl)=CC(=O)C(Cl)C(=O)[O-]	['C12835']
O=C([O-])C(Cl)=CC(Cl)=C(Cl)C(=O)O	['C12833']
O=C([O-])C(Cl)=CC(Cl)=C(Cl)C(=O)[O-]	['C12833']
O=C([O-])C(Cl)=CC=C(Cl)C(=O)O	['C07095']
O=C([O-])C(Cl)=CC=C(Cl)C(=O)[O-]	['C07095']
O=C([O-])C(Cl)Cl	['C11149']
O=C([O-])C(O)=CC=C1C(=O)Cc2ccccc21	['C07718']
O=C([O-])C(O)=CC=C1Cc2ccccc2C1=O	['C07725']
O=C([O-])C(O)=CC=CC(=O)c1ccc(Cl)cc1	['C06587']
O=C([O-])C(O)=CC=CC(=O)c1ccccc1	['C01273']
O=C([O-])C(O)=Cc1ccccc1	['C02763']
O=C([O-])C(O)Cc1ccccc1	['C05607', 'C05607']
O=C([O-])C(O)c1ccccc1	['C01983', 'C01983', 'C01984', 'C01984']
O=C([O-])C([O-])=CC=C1C(=O)Cc2ccccc21	['C07718']
O=C([O-])C([O-])=CC=C1Cc2ccccc2C1=O	['C07725']
O=C([O-])C([O-])=CC=CC(=O)c1ccc(Cl)cc1	['C06587']
O=C([O-])C([O-])=CC=CC(=O)c1ccccc1	['C01273']
O=C([O-])C([O-])=Cc1ccccc1	['C02763']
O=C([O-])C([O-])Cc1ccccc1	['C05607']
O=C([O-])C([O-])c1ccccc1	['C01983', 'C01984']
O=C([O-])C1(O)C=Cc2ccc3ccccc3c2O1	['C11425', 'C11425']
O=C([O-])C1(O)C=Cc2ccccc2O1	['C06204', 'C06204']
O=C([O-])C1([O-])C=Cc2ccc3ccccc3c2O1	['C11425']
O=C([O-])C1([O-])C=Cc2ccccc2O1	['C06204']
O=C([O-])C1=CC(=O)C(O)C(=O)C1	['C22438', 'C22438']
O=C([O-])C1=CC(=O)C([O-])C(=O)C1	['C22438']
O=C([O-])C1=CC(=O)c2ccccc2C1=O	['C22039']
O=C([O-])C1=CC=CC2=Nc3ccccc3NC12	['C21412']
O=C([O-])C1=CCC2CC(=O)N12	['C06669']
O=C([O-])C1=NC(C(=O)O)CCC1	['C03972']
O=C([O-])C1=NC(C(=O)[O-])CCC1	['C03972']
O=C([O-])C1=NCC(O)C1	['C04282', 'C04282']
O=C([O-])C1=NCC([O-])C1	['C04282']
O=C([O-])C1=NCCC1	['C03564']
O=C([O-])C1=NCCCC1	['C04092']
O=C([O-])C1C(=CCO)OC2CC(=O)N21	['C06662', 'C06662']
O=C([O-])C1C(=CC[O-])OC2CC(=O)N21	['C06662']
O=C([O-])C1C(=CC[O-])OC2CC(=O)[NH+]21	['C06662']
O=C([O-])C1C=CC=CC1C(=O)O	['C16215']
O=C([O-])C1C=CC=CC1C(=O)[O-]	['C16215']
O=C([O-])C1C=CCC2=Nc3ccccc3NC21	['C21411']
O=C([O-])C1C=CCN=C1	['C16671']
O=C([O-])C1C=c2ccc3cccc4ccc(c2c43)C1	['C18274']
O=C([O-])C1CC(O)C=N1	['C04281', 'C04281']
O=C([O-])C1CC([O-])C=N1	['C04281']
O=C([O-])C1CC1	['C16267']
O=C([O-])C1CC=c2ccc3cccc4ccc1c2c43	['C18273']
O=C([O-])C1CCC(O)CC1	['C04404', 'C04404', 'C22885', 'C22885']
O=C([O-])C1CCC([O-])CC1	['C04404', 'C22885']
O=C([O-])C1CCC2CC(=O)N21	['C17367']
O=C([O-])C1CCC2CCCCC2C1	['C14113']
O=C([O-])C1CCC=N1	['C03912']
O=C([O-])C1CCCC=N1	['C00450']
O=C([O-])C1CCCCC1	['C09822']
O=C([O-])C1CCCCN1	['C00408']
O=C([O-])C1CCCN1	['C00148', 'C00763']
O=C([O-])C1OC1C(=O)O	['C03548']
O=C([O-])C1OC1C(=O)[O-]	['C03548']
O=C([O-])C=C(Cl)C=C(Cl)C(=O)O	['C03918']
O=C([O-])C=C(Cl)C=C(Cl)C(=O)[O-]	['C03918']
O=C([O-])C=C(Cl)C=CC(=O)O	['C03585']
O=C([O-])C=C(F)C=CC(=O)O	['C16474']
O=C([O-])C=C1C=C(Cl)C(=O)O1	['C04706', 'C04729']
O=C([O-])C=C1C=CC(=O)O1	['C04431', 'C12838']
O=C([O-])C=CC(=O)CC(=O)C(=O)O	['C02167', 'C02514']
O=C([O-])C=CC(=O)CC(=O)C(=O)[O-]	['C02167', 'C02514']
O=C([O-])C=CC(=O)CC(=O)CC(=O)O	['C01036', 'C01061']
O=C([O-])C=CC(=O)CC(=O)CC(=O)[O-]	['C01036', 'C01061']
O=C([O-])C=CC(=O)CC(=O)O	['C02222']
O=C([O-])C=CC(=O)CC(=O)[O-]	['C02222']
O=C([O-])C=CC(=O)O	['C00122', 'C01384']
O=C([O-])C=CC(=O)[O-]	['C00122', 'C01384']
O=C([O-])C=CC(Cl)=CC(=O)O	['C03585']
O=C([O-])C=CC(Cl)=CC(=O)[O-]	['C03585']
O=C([O-])C=CC(F)=CC(=O)O	['C16474']
O=C([O-])C=CC(F)=CC(=O)[O-]	['C16474']
O=C([O-])C=CC=C(Cl)C(=O)O	['C03572']
O=C([O-])C=CC=C(Cl)C(=O)[O-]	['C03572']
O=C([O-])C=CC=C(F)C(=O)O	['C16475']
O=C([O-])C=CC=C(F)C(=O)[O-]	['C16475']
O=C([O-])C=CC=CC(=O)O	['C02480']
O=C([O-])C=CC=CC(=O)[O-]	['C02480']
O=C([O-])C=CCC(=O)C(=O)O	['C03453']
O=C([O-])C=CCC(=O)C(=O)[O-]	['C03453']
O=C([O-])C=CCCCCCCCCC(=O)O	['C16308']
O=C([O-])C=CCCCCCCCCC(=O)[O-]	['C16308']
O=C([O-])C=CCl	['C06614', 'C06615']
O=C([O-])C=Cc1c[n-]c[nH+]1	['C00785']
O=C([O-])C=Cc1c[n-]cn1	['C00785']
O=C([O-])C=Cc1c[nH]cn1	['C00785', 'C00785']
O=C([O-])C=Cc1cc2ccccc2cc1C(=O)O	['C16209']
O=C([O-])C=Cc1cc2ccccc2cc1C(=O)[O-]	['C16209']
O=C([O-])C=Cc1ccc(O)cc1	['C00811', 'C00811']
O=C([O-])C=Cc1ccc([O-])cc1	['C00811']
O=C([O-])C=Cc1cccc(O)c1	['C12621', 'C12621']
O=C([O-])C=Cc1cccc([O-])c1	['C12621']
O=C([O-])C=Cc1ccccc1	['C00423']
O=C([O-])C=Cc1ccccc1O	['C01772', 'C01772', 'C05838', 'C05838']
O=C([O-])C=Cc1ccccc1[O-]	['C01772', 'C05838']
O=C([O-])C=c1ccccc1=CC(=O)C(=O)O	['C16214']
O=C([O-])C=c1ccccc1=CC(=O)C(=O)[O-]	['C16214']
O=C([O-])CC(=O)C(=O)O	['C00036']
O=C([O-])CC(=O)C(=O)[O-]	['C00036']
O=C([O-])CC(=O)C=C(Br)C(=O)O	['C16249']
O=C([O-])CC(=O)C=C(Br)C(=O)[O-]	['C16249']
O=C([O-])CC(=O)C=C(Cl)C(=O)O	['C06329']
O=C([O-])CC(=O)C=C(Cl)C(=O)[O-]	['C06329']
O=C([O-])CC(=O)CCC(=O)O	['C00846']
O=C([O-])CC(=O)O	['C00383']
O=C([O-])CC(=O)[O-]	['C00383']
O=C([O-])CC(=O)c1ccccc1	['C07114']
O=C([O-])CC(C(=O)O)[N+](=O)[O-]	['C22388']
O=C([O-])CC(C(=O)[O-])[N+](=O)[O-]	['C22388']
O=C([O-])CC(Cc1ccc2ccccc2c1)C(=O)O	['C14115']
O=C([O-])CC(Cc1ccc2ccccc2c1)C(=O)[O-]	['C14115']
O=C([O-])CC(Cc1ccccc1)C(=O)O	['C09816']
O=C([O-])CC(Cc1ccccc1)C(=O)[O-]	['C09816']
O=C([O-])CC(Cl)C(=O)C(Cl)C(=O)O	['C18244']
O=C([O-])CC(Cl)C(=O)C(Cl)C(=O)[O-]	['C18244']
O=C([O-])CC1(C(=O)O)C=CC(=O)O1	['C01278']
O=C([O-])CC1(C(=O)[O-])C=CC(=O)O1	['C01278']
O=C([O-])CC1(Cl)C=CC(=O)O1	['C04522']
O=C([O-])CC1(F)C=CC(=O)O1	['C16476']
O=C([O-])CC1=CCC(=O)O1	['C03586']
O=C([O-])CC1C(=O)Nc2ccccc21	['C22202']
O=C([O-])CC1C(=O)[N-]c2ccccc21	['C22202']
O=C([O-])CC1C=CC(=O)O1	['C14610']
O=C([O-])CC1CCCCC1C(=O)O	['C14112']
O=C([O-])CC1CCCCC1C(=O)[O-]	['C14112']
O=C([O-])CC1NC=NC1=O	['C05133']
O=C([O-])CC1OC(=O)C=C1C(=O)O	['C04553']
O=C([O-])CC1OC(=O)C=C1C(=O)[O-]	['C04553']
O=C([O-])CCC(=O)C(=O)O	['C00026']
O=C([O-])CCC(=O)C(=O)[O-]	['C00026']
O=C([O-])CCC(=O)C(Cl)C(=O)O	['C12836']
O=C([O-])CCC(=O)C(Cl)C(=O)[O-]	['C12836']
O=C([O-])CCC(=O)CC(=O)O	['C00846']
O=C([O-])CCC(=O)CC(=O)[O-]	['C00846']
O=C([O-])CCC(=O)N1CCCC1C(=O)O	['C11711']
O=C([O-])CCC(=O)N1CCCC1C(=O)[O-]	['C11711']
O=C([O-])CCC(=O)O	['C00042']
O=C([O-])CCC(=O)[NH+]1CCCC1C(=O)[O-]	['C11711']
O=C([O-])CCC(=O)[O-]	['C00042']
O=C([O-])CCC(=O)c1ccc(=O)[nH]c1	['C19631']
O=C([O-])CCC(=O)c1ccc(O)nc1	['C19631', 'C19631']
O=C([O-])CCC(=O)c1ccc([O-])nc1	['C19631']
O=C([O-])CCC(=O)c1ccccc1C(=O)O	['C02730']
O=C([O-])CCC(=O)c1ccccc1C(=O)[O-]	['C02730']
O=C([O-])CCC(=O)c1cccnc1	['C19569']
O=C([O-])CCC(O)c1cccnc1	['C19579', 'C19579']
O=C([O-])CCC([O-])c1ccc[nH+]c1	['C19579']
O=C([O-])CCC([O-])c1cccnc1	['C19579']
O=C([O-])CCC1NC=NC1=O	['C03680']
O=C([O-])CCC=CC(=O)C(=O)O	['C03063']
O=C([O-])CCC=CC(=O)C(=O)[O-]	['C03063']
O=C([O-])CCCC(=O)C(=O)O	['C00322']
O=C([O-])CCCC(=O)C(=O)[O-]	['C00322']
O=C([O-])CCCC(=O)O	['C00489']
O=C([O-])CCCC(=O)[O-]	['C00489']
O=C([O-])CCCCC(=O)C(=O)O	['C16588']
O=C([O-])CCCCC(=O)C(=O)[O-]	['C16588']
O=C([O-])CCCCC(=O)O	['C06104']
O=C([O-])CCCCC(=O)[O-]	['C06104']
O=C([O-])CCCCC1CCSS1	['C16241']
O=C([O-])CCCCCC(=O)C(=O)O	['C16589']
O=C([O-])CCCCCC(=O)C(=O)[O-]	['C16589']
O=C([O-])CCCCCC(=O)O	['C02656']
O=C([O-])CCCCCC(=O)[O-]	['C02656']
O=C([O-])CCCCCCCC=CCCCCCCCCO	['C19616', 'C19616']
O=C([O-])CCCCCCCC=CCCCCCCCC[O-]	['C19616']
O=C([O-])CCCCCCCCCCCCCCC(=O)O	['C19615']
O=C([O-])CCCCCCCCCCCCCCC(=O)[O-]	['C19615']
O=C([O-])CCCCCCCCCCCCCCCO	['C18218', 'C18218']
O=C([O-])CCCCCCCCCCCCCCC[O-]	['C18218']
O=C([O-])CCCCCCS	['C16593', 'C16593']
O=C([O-])CCCCCC[S-]	['C16593']
O=C([O-])CCCCCO	['C06103', 'C06103']
O=C([O-])CCCCC[O-]	['C06103']
O=C([O-])CCCO	['C00989', 'C00989']
O=C([O-])CCC[O-]	['C00989']
O=C([O-])CCO	['C01013', 'C01013']
O=C([O-])CC[N+](=O)[O-]	['C05669']
O=C([O-])CC[O-]	['C01013']
O=C([O-])CCc1c[n-]c[nH+]1	['C20522']
O=C([O-])CCc1c[n-]cn1	['C20522']
O=C([O-])CCc1c[nH]cn1	['C20522', 'C20522']
O=C([O-])CCc1ccc(O)cc1	['C01744', 'C01744']
O=C([O-])CCc1ccc([O-])cc1	['C01744']
O=C([O-])CCc1cccc(O)c1	['C11457', 'C11457']
O=C([O-])CCc1cccc([O-])c1	['C11457']
O=C([O-])CCc1ccccc1	['C05629']
O=C([O-])CCc1ccccc1O	['C01198', 'C01198']
O=C([O-])CCc1ccccc1[O-]	['C01198']
O=C([O-])CCl	['C06755']
O=C([O-])CF	['C06108']
O=C([O-])CNC(=O)Cc1ccccc1	['C05598']
O=C([O-])CNC(=O)c1cccnc1	['C05380']
O=C([O-])CNC(=O)c1ccncc1	['C16623']
O=C([O-])CO	['C00160', 'C00160', 'C03547', 'C03547']
O=C([O-])COc1cc(Cl)c(Cl)cc1Cl	['C07100']
O=C([O-])COc1ccc(Cl)cc1	['C07088']
O=C([O-])COc1ccc(Cl)cc1Cl	['C03664']
O=C([O-])CS(=O)(=O)[O-]	['C14179']
O=C([O-])CSCC(=O)O	['C14872']
O=C([O-])CSCC(=O)[O-]	['C14872']
O=C([O-])C[N-]C(=O)Cc1ccccc1	['C05598']
O=C([O-])C[N-]C(=O)c1cc[nH+]cc1	['C16623']
O=C([O-])C[N-]C(=O)c1ccc[nH+]c1	['C05380']
O=C([O-])C[N-]C(=O)c1cccnc1	['C05380']
O=C([O-])C[N-]C(=O)c1ccncc1	['C16623']
O=C([O-])C[O-]	['C00160', 'C03547']
O=C([O-])C[S+](O)CC(=O)[O-]	['C14873']
O=C([O-])Cc1c[n-]c2ccccc12	['C00954']
O=C([O-])Cc1c[n-]c[nH+]1	['C02835']
O=C([O-])Cc1c[n-]cn1	['C02835']
O=C([O-])Cc1c[nH]c2ccccc12	['C00954']
O=C([O-])Cc1c[nH]cn1	['C02835', 'C02835']
O=C([O-])Cc1ccc(Cl)cc1	['C03077']
O=C([O-])Cc1ccc(O)cc1	['C00642', 'C00642']
O=C([O-])Cc1ccc([O-])cc1	['C00642']
O=C([O-])Cc1cccc(O)c1	['C05593', 'C05593']
O=C([O-])Cc1cccc([O-])c1	['C05593']
O=C([O-])Cc1ccccc1	['C07086']
O=C([O-])Cc1ccccc1O	['C05852', 'C05852']
O=C([O-])Cc1ccccc1[O-]	['C05852']
O=C([O-])O	['C00288', 'C01353']
O=C([O-])[O-]	['C00288', 'C01353']
O=C([O-])c1cc(=O)c2ccccc2[nH]1	['C01717']
O=C([O-])c1cc(Br)c(O)c(Br)c1	['C03925', 'C03925']
O=C([O-])c1cc(Br)c([O-])c(Br)c1	['C03925']
O=C([O-])c1cc(C(=O)O)oc(=O)c1	['C03671']
O=C([O-])c1cc(C(=O)[O-])oc(=O)c1	['C03671']
O=C([O-])c1cc(O)c2ccccc2n1	['C01717', 'C01717']
O=C([O-])c1cc([O-])c2ccccc2n1	['C01717']
O=C([O-])c1cc2ccccc2c2ccc3ccccc3c12	['C18282']
O=C([O-])c1cc2ccccc2cc1O	['C16212', 'C16212']
O=C([O-])c1cc2ccccc2cc1[O-]	['C16212']
O=C([O-])c1ccc(=O)[nH]c1	['C01020']
O=C([O-])c1ccc(C(=O)O)cc1	['C06337']
O=C([O-])c1ccc(C(=O)O)o1	['C20450']
O=C([O-])c1ccc(C(=O)OCCO)cc1	['C21450', 'C21450']
O=C([O-])c1ccc(C(=O)OCC[O-])cc1	['C21450']
O=C([O-])c1ccc(C(=O)[O-])cc1	['C06337']
O=C([O-])c1ccc(C(=O)[O-])o1	['C20450']
O=C([O-])c1ccc(Cl)cc1	['C02370']
O=C([O-])c1ccc(Cl)cc1Cl	['C06670']
O=C([O-])c1ccc(F)cc1	['C02371']
O=C([O-])c1ccc(O)cc1	['C00156', 'C00156']
O=C([O-])c1ccc(O)nc1	['C01020', 'C01020']
O=C([O-])c1ccc(S(=O)(=O)[O-])cc1	['C02236']
O=C([O-])c1ccc([O-])cc1	['C00156']
O=C([O-])c1ccc([O-])nc1	['C01020']
O=C([O-])c1ccc2c(c1)CCCC2	['C14111']
O=C([O-])c1ccc2ccccc2c1	['C14101']
O=C([O-])c1ccc2ccccc2c1O	['C03203', 'C03203']
O=C([O-])c1ccc2ccccc2c1[O-]	['C03203']
O=C([O-])c1ccc[n-]1	['C05942']
O=C([O-])c1ccc[nH+]c1C(=O)[O-]	['C03722']
O=C([O-])c1ccc[nH]1	['C05942']
O=C([O-])c1cccc(F)c1	['C02364']
O=C([O-])c1cccc(O)c1	['C00587', 'C00587']
O=C([O-])c1cccc([O-])c1	['C00587']
O=C([O-])c1cccc2[nH+]c3c(C(=O)[O-])cccc3nc12	['C12119']
O=C([O-])c1cccc2ccc3c4ccccc4ccc3c12	['C18283']
O=C([O-])c1cccc2ccc3cccc(C(=O)O)c3c12	['C18252']
O=C([O-])c1cccc2ccc3cccc(C(=O)[O-])c3c12	['C18252']
O=C([O-])c1cccc2ccc3ccccc3c12	['C18253']
O=C([O-])c1cccc2ccccc12	['C14091']
O=C([O-])c1cccc2nc3c(C(=O)O)cccc3nc12	['C12119']
O=C([O-])c1cccc2nc3c(C(=O)[O-])cccc3nc12	['C12119']
O=C([O-])c1cccc2nc3ccccc3nc12	['C21442']
O=C([O-])c1ccccc1	['C00180']
O=C([O-])c1ccccc1C(=O)O	['C01606']
O=C([O-])c1ccccc1C(=O)[O-]	['C01606']
O=C([O-])c1ccccc1Cl	['C02357']
O=C([O-])c1ccccc1F	['C02359']
O=C([O-])c1ccccc1O	['C00805', 'C00805']
O=C([O-])c1ccccc1[N+](=O)[O-]	['C16234']
O=C([O-])c1ccccc1[O-]	['C00805']
O=C([O-])c1ccccn1	['C10164']
O=C([O-])c1cccnc1	['C00253']
O=C([O-])c1cccnc1C(=O)O	['C03722']
O=C([O-])c1cccnc1C(=O)[O-]	['C03722']
O=C([O-])c1ccco1	['C01546']
O=C([O-])c1ccncc1	['C07446']
O=C(c1ccc([O-])cc1)c1ccc(O)cc1	['C14220']
O=C(c1ccc([O-])cc1)c1ccc([O-])cc1	['C14220']
O=C1C(O)Oc2ccccc2N1[O-]	['C15770']
O=C1C([O-])Oc2ccccc2N1O	['C15770']
O=C1C([O-])Oc2ccccc2N1[O-]	['C15770']
O=C1C2=C(c3ccccc31)C(O)C([O-])C=C2	['C07722']
O=C1C2=C(c3ccccc31)C([O-])C(O)C=C2	['C07722']
O=C1C2=C(c3ccccc31)C([O-])C([O-])C=C2	['C07722']
O=C1C=C(Cl)C(=O)C=C1[O-]	['C21105']
O=C1C=C(O)CC([O-])C1	['C06719']
O=C1C=C([O-])CC(O)C1	['C06719']
O=C1C=C([O-])CC([O-])C1	['C06719']
O=C1C=C2CC(C(=O)[O-])NC2=CC1=O	['C01693']
O=C1C=CC(=O)C([O-])=C1	['C07103']
O=C1C=CC(C(=O)[O-])C=C1	['C22920']
O=C1C=CC(C(=O)[O-])CC1	['C22887']
O=C1C=CC(C(F)C(=O)[O-])O1	['C16477']
O=C1C=c2cc(C(=O)O)[n-]c2=CC1=O	['C17938']
O=C1C=c2cc(C(=O)[O-])[n-]c2=CC1=O	['C17938']
O=C1C=c2cc(C(=O)[O-])[nH]c2=CC1=O	['C17938']
O=C1C=c2cc[n-]c2=CC1=O	['C05579']
O=C1CC(=O)NC(=O)[N-]1	['C00813']
O=C1CC(=O)OC(c2ccc([O-])cc2)C1	['C22570']
O=C1CC(=O)[N-]C(=O)[N-]1	['C00813']
O=C1CC(O)(C(=O)[O-])CO1	['C21632', 'C21632']
O=C1CC([O-])(C(=O)[O-])CO1	['C21632']
O=C1CC([O-])c2ccccc21	['C07720']
O=C1CC(c2ccc(O)cc2)Oc2cc([O-])ccc21	['C09762']
O=C1CC(c2ccc([O-])cc2)Oc2cc(O)ccc21	['C09762']
O=C1CC(c2ccc([O-])cc2)Oc2cc([O-])ccc21	['C09762']
O=C1CC(c2ccccc2)Oc2cc(O)cc([O-])c21	['C09827']
O=C1CC(c2ccccc2)Oc2cc([O-])cc(O)c21	['C09827']
O=C1CC(c2ccccc2)Oc2cc([O-])cc([O-])c21	['C09827']
O=C1CCC(C(=O)O)=C[N-]1	['C04226']
O=C1CCC(C(=O)O)[N-]1	['C01879', 'C02237']
O=C1CCC(C(=O)[O-])=CN1	['C04226']
O=C1CCC(C(=O)[O-])=C[N-]1	['C04226']
O=C1CCC(C(=O)[O-])CC1	['C03767']
O=C1CCC(C(=O)[O-])N1	['C01879', 'C02237']
O=C1CCC(C(=O)[O-])[N-]1	['C01879', 'C02237']
O=C1CCCC2C3CC(CN12)C1CC([O-])CCN1C3	['C02621']
O=C1CCCCC([O-])O1	['C03241']
O=C1CCCCC1[O-]	['C01147']
O=C1CCCCCNC(=O)CCCCC[N-]1	['C04277', 'C20990']
O=C1CCCCC[N-]1	['C06593']
O=C1CCCCC[N-]C(=O)CCCCC[N-]1	['C04277', 'C20990']
O=C1CCNC(=O)[N-]1	['C00429']
O=C1CCOP(=O)(N(CCCl)CCCl)[N-]1	['C07644']
O=C1Cc2ccccc2[N-]1	['C12312']
O=C1NC(Cc2c[n-]c3ccccc23)C(=O)N2CCCC12	['C20563']
O=C1NC([O-])C(c2ccccc2)CO1	['C16595']
O=C1Nc2ccccc2C1[O-]	['C11130']
O=C1Nc2ccccc2OC1[O-]	['C15769']
O=C1OCCCCC1[O-]	['C12314']
O=C1[N-]C(=O)C(F)CN1	['C16630']
O=C1[N-]C(=O)C(c2ccccc2)CO1	['C16596']
O=C1[N-]C(Cc2c[n-]c3ccccc23)C(=O)N2CCCC12	['C20563']
O=C1[N-]C(Cc2c[n-]c3ccccc23)C(=O)[NH+]2CCCC12	['C20563']
O=C1[N-]C(Cc2c[nH]c3ccccc23)C(=O)N2CCCC12	['C20563']
O=C1[N-]C(O)C(c2ccccc2)CO1	['C16595']
O=C1[N-]C([O-])C(c2ccccc2)CO1	['C16595']
O=C1[N-]S(=O)(=O)c2ccccc21	['C12283', 'C12284']
O=C1[N-]c2ccccc2C1O	['C11130']
O=C1[N-]c2ccccc2C1[O-]	['C11130']
O=C1[N-]c2ccccc2OC1O	['C15769']
O=C1[N-]c2ccccc2OC1[O-]	['C15769']
O=C1c2ccc(O)cc2OCC1c1ccc([O-])cc1	['C22556', 'C22557']
O=C1c2ccc([O-])cc2OCC1c1ccc(O)cc1	['C22556', 'C22557']
O=C1c2ccc([O-])cc2OCC1c1ccc([O-])cc1	['C22556', 'C22557']
O=C1c2ccccc2-c2c([O-])cccc21	['C07723']
O=C1c2ccccc2C2=CC=CC(O)C12[O-]	['C16262']
O=C1c2ccccc2C2=CC=CC([O-])C12O	['C16262']
O=C1c2ccccc2C2=CC=CC([O-])C12[O-]	['C16262']
O=CC(=O)CCC(=O)[O-]	['C02800']
O=CC(=O)[O-]	['C00048']
O=CC(CCC(=O)O)C(=O)[O-]	['C16159']
O=CC(CCC(=O)[O-])C(=O)O	['C16159']
O=CC(CCC(=O)[O-])C(=O)[O-]	['C16159']
O=CC(Cl)=CC=C(O)C(=O)[O-]	['C07089']
O=CC(Cl)=CC=C([O-])C(=O)O	['C07089']
O=CC(Cl)=CC=C([O-])C(=O)[O-]	['C07089']
O=CC(O)C(=O)[O-]	['C01146', 'C01146']
O=CC(O)C[O-]	['C00577', 'C02426']
O=CC(O)c1c[n-]c2ccccc12	['C03230']
O=CC([O-])C(=O)[O-]	['C01146']
O=CC([O-])CO	['C00577', 'C02426']
O=CC([O-])C[O-]	['C00577', 'C02426']
O=CC([O-])c1c[n-]c2ccccc12	['C03230']
O=CC([O-])c1c[nH]c2ccccc12	['C03230']
O=CC=C(O)C=CC(=O)[O-]	['C06603']
O=CC=C([O-])C=CC(=O)O	['C06603']
O=CC=C([O-])C=CC(=O)[O-]	['C06603']
O=CC=C1OC2CC(=O)N2C1C(=O)[O-]	['C06661']
O=CC=CC(Cl)=C(O)C(=O)[O-]	['C16266']
O=CC=CC(Cl)=C([O-])C(=O)O	['C16266']
O=CC=CC(Cl)=C([O-])C(=O)[O-]	['C16266']
O=CC=CC=C(O)C(=O)[O-]	['C00682']
O=CC=CC=C([O-])C(=O)O	['C00682']
O=CC=CC=C([O-])C(=O)[O-]	['C00682']
O=CC=CCCCCCCCCC(=O)[O-]	['C16309']
O=CC=Cc1ccc(O)c([O-])c1	['C10945']
O=CC=Cc1ccc([O-])c(O)c1	['C10945']
O=CC=Cc1ccc([O-])c([O-])c1	['C10945']
O=CC=Cc1ccc([O-])cc1	['C05608']
O=CCC(=O)[O-]	['C00222']
O=CCC(CO)C(=O)[O-]	['C04106', 'C04106']
O=CCC(C[O-])C(=O)[O-]	['C04106']
O=CCC=CCCCCCCCC(=O)[O-]	['C16311']
O=CCCC(=O)C(=O)[O-]	['C00433']
O=CCCC(=O)[O-]	['C00232']
O=CCCCC(=O)[O-]	['C03273']
O=CCCCCC(=O)[O-]	['C06102']
O=CCCCCCC(=O)[O-]	['C16590']
O=CCCCCCCCC(=O)[O-]	['C16322']
O=CCCCCCCCC=CCCCCCCCC(=O)[O-]	['C19617']
O=CCCCCCCCCCCCCCCC(=O)[O-]	['C19614']
O=CCC[O-]	['C00969']
O=CCCc1ccc([O-])cc1	['C16706']
O=CCP(=O)([O-])O	['C03167']
O=CCP(=O)([O-])[O-]	['C03167']
O=CCS(=O)(=O)[O-]	['C00593']
O=CC[O-]	['C00266']
O=CCc1c[n-]c2ccc(O)cc12	['C05634']
O=CCc1c[n-]c2ccc([O-])cc12	['C05634']
O=CCc1c[n-]c2ccccc12	['C00637']
O=CCc1c[n-]cn1	['C05130']
O=CCc1c[nH]c2ccc([O-])cc12	['C05634']
O=CCc1ccc(O)c([O-])c1	['C04043']
O=CCc1ccc([O-])c(O)c1	['C04043']
O=CCc1ccc([O-])c([O-])c1	['C04043']
O=CCc1ccc([O-])cc1	['C03765']
O=CNC(=O)C=CC(=O)[O-]	['C18232']
O=CNc1ccccc1C(=O)CC(=O)[O-]	['C05835']
O=CNc1ccccc1C(=O)[O-]	['C05653']
O=COP(=O)([O-])O	['C02405']
O=COP(=O)([O-])[O-]	['C02405']
O=CP(=O)([O-])O	['C17943']
O=CP(=O)([O-])[O-]	['C17943']
O=C[N-]C(=O)C=CC(=O)O	['C18232']
O=C[N-]C(=O)C=CC(=O)[O-]	['C18232']
O=C[N-]C1CCCCC1	['C11519']
O=C[N-]c1ccccc1C(=O)CC(=O)O	['C05835']
O=C[N-]c1ccccc1C(=O)CC(=O)[O-]	['C05835']
O=C[N-]c1ccccc1C(=O)O	['C05653']
O=C[N-]c1ccccc1C(=O)[O-]	['C05653']
O=C[N-]c1ccccc1C=O	['C03574']
O=C[O-]	['C00058']
O=Cc1cc(COP(=O)([O-])O)co1	['C20954']
O=Cc1cc(COP(=O)([O-])[O-])co1	['C20954']
O=Cc1cc(O)ccc1[O-]	['C05585']
O=Cc1cc([O-])ccc1O	['C05585']
O=Cc1cc([O-])ccc1[O-]	['C05585']
O=Cc1ccc(C(=O)[O-])c(O)c1	['C14100', 'C14100']
O=Cc1ccc(C(=O)[O-])c([O-])c1	['C14100']
O=Cc1ccc(CO)cc1[O-]	['C14108', 'C14108']
O=Cc1ccc(C[O-])cc1[O-]	['C14108']
O=Cc1ccc(C[O-])o1	['C11101']
O=Cc1ccc(O)c([O-])c1	['C16700']
O=Cc1ccc(S(=O)(=O)[O-])cc1	['C06679']
O=Cc1ccc([O-])c(O)c1	['C16700']
O=Cc1ccc([O-])c([O-])c1	['C16700']
O=Cc1ccc([O-])cc1	['C00633']
O=Cc1ccc2ccccc2c1[O-]	['C11427']
O=Cc1cccc(C(=O)[O-])c1O	['C14096', 'C14096']
O=Cc1cccc(C(=O)[O-])c1[O-]	['C14096']
O=Cc1cccc([O-])c1	['C03067']
O=Cc1ccccc1C(=O)[O-]	['C03057']
O=Cc1ccccc1[O-]	['C06202']
O=NNCCCC([O-])c1cccnc1	['C19581']
O=N[O-]	['C00088']
O=P([O-])(O)Oc1ccccc1	['C02734']
O=P([O-])([O-])Oc1ccccc1	['C02734']
O=P1(N(CCCl)CCCl)NC([O-])CCO1	['C07643']
O=P1(NCCCl)OCCC([O-])N1CCCl	['C16553']
O=S(=O)(O)[S-]	['C00320']
O=S(=O)([O-])CCO	['C05123']
O=S(=O)([O-])CCS	['C03576']
O=S(=O)([O-])CCSCC(O)Cl	['C21753']
O=S(=O)([O-])CCSCC([O-])Cl	['C21753']
O=S(=O)([O-])CCSCCO	['C21752']
O=S(=O)([O-])CCSCC[O-]	['C21752']
O=S(=O)([O-])CC[O-]	['C05123']
O=S(=O)([O-])CC[S-]	['C03576']
O=S(=O)([O-])NC1CCCCC1	['C02824', 'C19378']
O=S(=O)([O-])Oc1ccc2ccc3cccc4ccc1c2c34	['C18269']
O=S(=O)([O-])c1ccc(CO)cc1	['C06678']
O=S(=O)([O-])c1ccc(C[O-])cc1	['C06678']
O=S(=O)([O-])c1ccc2c(S(=O)(=O)[O-])cccc2c1	['C16193']
O=S(=O)([O-])c1ccc2cc(S(=O)(=O)[O-])ccc2c1	['C16194']
O=S(=O)([O-])c1ccc2ccccc2c1	['C16202']
O=S(=O)([O-])c1cccc2ccccc12	['C16201']
O=S([O-])O	['C00094', 'C11481']
O=S([O-])[O-]	['C00094', 'C11481']
O=[N+]([O-])[O-]	['C00244']
O=[N+]([O-])c1c(Cl)cccc1-c1c[n-]cc1Cl	['C12491']
O=[N+]([O-])c1ccc(O)c([O-])c1	['C02235']
O=[N+]([O-])c1ccc(OP(=O)([O-])O)cc1	['C03360']
O=[N+]([O-])c1ccc(OP(=O)([O-])[O-])cc1	['C03360']
O=[N+]([O-])c1ccc([O-])c(O)c1	['C02235']
O=[N+]([O-])c1ccc([O-])c([O-])c1	['C02235']
O=[N+]([O-])c1ccc([O-])cc1	['C00870']
O=[N+]([O-])c1cccc([O-])c1	['C14418']
O=[N+]([O-])c1cccc2c1C=CC(O)C2[O-]	['C14801']
O=[N+]([O-])c1cccc2c1C=CC([O-])C2O	['C14801']
O=[N+]([O-])c1cccc2c1C=CC([O-])C2[O-]	['C14801']
O=[N+]([O-])c1ncc[n-]1	['C14531']
O=c1[n-]c(=O)c(F)c[nH]1	['C07649']
O=c1[n-]c(=O)n(C2CCCO2)cc1F	['C12673']
O=c1[n-]c[nH+]c2[n-]cnc12	['C00262']
O=c1[n-]cc(F)c(=O)[n-]1	['C07649']
O=c1[n-]cc(F)c(=O)[nH]1	['C07649']
O=c1[n-]cnc2[n-]c[nH+]c12	['C00262']
O=c1[n-]cnc2[n-]cnc12	['C00262']
O=c1[n-]cnc2[nH]cnc12	['C00262']
O=c1[nH]cnc2[n-]cnc12	['C00262']
O=c1c(-c2ccc(O)cc2)coc2cc([O-])ccc12	['C10208']
O=c1c(-c2ccc([O-])cc2)coc2cc(O)ccc12	['C10208']
O=c1c(-c2ccc([O-])cc2)coc2cc([O-])ccc12	['C10208']
O=c1c([O-])c(-c2ccccc2)oc2ccccc12	['C01495']
O=c1cc(-c2ccc(O)cc2)oc2cc([O-])ccc12	['C12123']
O=c1cc(-c2ccc([O-])cc2)oc2cc(O)ccc12	['C12123']
O=c1cc(-c2ccc([O-])cc2)oc2cc([O-])ccc12	['C12123']
O=c1cc(-c2ccccc2)oc2cc(O)cc([O-])c12	['C10028']
O=c1cc(-c2ccccc2)oc2cc([O-])cc(O)c12	['C10028']
O=c1cc(-c2ccccc2)oc2cc([O-])cc([O-])c12	['C10028']
O=c1cc(O)c2ccccc2[n-]1	['C16716']
O=c1cc([O-])c2ccccc2[n-]1	['C16716']
O=c1cc([O-])c2ccccc2[nH]1	['C16716']
O=c1cc[n-]c(=O)[n-]1	['C00106']
O=c1cc[n-]c(=O)[nH]1	['C00106']
O=c1cc[nH]c(=O)[n-]1	['C00106']
O=c1cc[nH]c2c([O-])cccc12	['C05637']
O=c1cc[nH]c2ccc([O-])cc12	['C05639']
O=c1ccc([O-])c[nH]1	['C01059']
O=c1ccc2c([O-])c3ccoc3cc2o1	['C00758']
O=c1ccc2cc(O)c([O-])cc2o1	['C09263']
O=c1ccc2cc([O-])c(O)cc2o1	['C09263']
O=c1ccc2cc([O-])c([O-])cc2o1	['C09263']
O=c1ccc2cc3ccoc3c([O-])c2o1	['C00841']
O=c1ccc2ccc([O-])cc2o1	['C09315']
O=c1cccc([O-])[nH]1	['C03056']
O=c1cccccc1[O-]	['C15474']
OCCc1c[n-]c2ccccc12	['C00955']
ON=C([S-])Cc1ccccc1	['C03719']
ON=CCc1c[n-]c2ccccc12	['C02937']
Oc1c[n-]c2ccccc12	['C05658']
S=C(NC1CCCCC1)N1CCC(c2c[n-]cn2)CC1	['C17933']
S=c1[nH+]c[n-]c2nc[n-]c12	['C02380']
S=c1nc[n-]c2[nH+]c[n-]c12	['C02380']
S=c1nc[n-]c2nc[n-]c12	['C02380']
S=c1nc[n-]c2nc[nH]c12	['C02380']
S=c1nc[nH]c2nc[n-]c12	['C02380']
[C-]#[N+]C(=Cc1ccc(O)cc1)C(=O)[O-]	['C21891', 'C21891']
[C-]#[N+]C(=Cc1ccc([O-])cc1)C(=O)[O-]	['C21891']
[C-]#[N+]C(Cc1ccc(O)cc1)C(=O)[O-]	['C21889', 'C21889']
[C-]#[N+]C(Cc1ccc([O-])cc1)C(=O)[O-]	['C21889']
[C-]#[N+]c1cc2cc(O)c([O-])cc2oc1=O	['C22449']
[C-]#[N+]c1cc2cc([O-])c(O)cc2oc1=O	['C22449']
[C-]#[N+]c1cc2cc([O-])c([O-])cc2oc1=O	['C22449']
[Cl-]	['C00698']
[I-]	['C00708']
[NH-]C(=O)C(=O)CCC(=O)[O-]	['C05572']
[NH-]C(=O)C(=O)[O-]	['C01444']
[NH-]C(=O)C(O)c1ccccc1	['C07301', 'C07301']
[NH-]C(=O)C([O-])c1ccccc1	['C07301']
[NH-]C(=O)C=CC(=O)[O-]	['C01596']
[NH-]C(=O)CC(=O)C(=O)[O-]	['C02362']
[NH-]C(=O)CCC(=O)C(=O)[O-]	['C00940']
[NH-]C(=O)CCCCN	['C00990']
[NH-]C(=O)Cc1c[n-]c2ccccc12	['C02693']
[NH-]C(=O)Cc1c[nH]c2ccccc12	['C02693']
[NH-]C(=O)Cc1ccccc1	['C02505']
[NH-]C(=O)N1c2ccccc2C2OC2c2ccccc21	['C07496']
[NH-]C(=O)N1c2ccccc2C=Cc2cc([O-])ccc21	['C16601']
[NH-]C(=O)N1c2ccccc2C=Cc2ccc([O-])cc21	['C16602']
[NH-]C(=O)N1c2ccccc2C=Cc2ccccc21	['C06868']
[NH-]C(=O)N1c2ccccc2CC(=O)c2ccccc21	['C07492']
[NH-]C(=O)N1c2ccccc2CC(O)c2ccccc21	['C07493', 'C07493']
[NH-]C(=O)N1c2ccccc2CC([O-])c2ccccc21	['C07493']
[NH-]C(=O)OCC(C(=O)[O-])c1ccccc1	['C16591']
[NH-]C(=O)OCC(C=O)c1ccccc1	['C16587']
[NH-]C(=O)OCC(CO)c1ccccc1	['C16586', 'C16586']
[NH-]C(=O)OCC(COC(N)=O)c1ccccc1	['C07501']
[NH-]C(=O)OCC(COC([NH-])=O)c1ccccc1	['C07501']
[NH-]C(=O)OCC(C[O-])c1ccccc1	['C16586']
[NH-]C(=O)OCC(F)(COC(N)=O)c1ccccc1	['C15341']
[NH-]C(=O)OCC(F)(COC([NH-])=O)c1ccccc1	['C15341']
[NH-]C(=O)c1cc(Br)c([O-])c(Br)c1	['C16246']
[NH-]C(=O)c1ccccc1	['C09815']
[NH-]C(=O)c1cccnc1	['C00153']
[NH-]C(=O)n1c2cc(=O)c(=O)cc-2ccc2ccccc21	['C16606']
[NH-]C(N)=O	['C00086']
[NH-]C([NH-])=O	['C00086']
[NH-]C=O	['C00488']
[O-]C(CCCO)c1cccnc1	['C19582']
[O-]C(Cl)CCl	['C20305']
[O-]C(O)C(Cl)(Cl)Cl	['C06899']
[O-]C(O)C(Cl)Cl	['C14860']
[O-]C([O-])C(Cl)(Cl)Cl	['C06899']
[O-]C([O-])C(Cl)Cl	['C14860']
[O-]C1(F)C=CC=CC1O	['C16484']
[O-]C1=CC=C(Br)C2OC12	['C14845']
[O-]C1C(Br)=CC=CC1O	['C14842']
[O-]C1C(Cl)=C(Cl)C(Cl)=C(Cl)C1O	['C18238']
[O-]C1C(Cl)=C(Cl)C(Cl)=C(Cl)C1[O-]	['C18238']
[O-]C1C(Cl)=C(Cl)C=C(Cl)C1O	['C12832']
[O-]C1C(Cl)=CC(Cl)=C(Cl)C1O	['C12832']
[O-]C1C(Cl)=CC(Cl)=C(Cl)C1[O-]	['C12832']
[O-]C1C(Cl)=CC=C(Cl)C1O	['C07093']
[O-]C1C(Cl)=CC=C(Cl)C1[O-]	['C07093']
[O-]C1C(Cl)=CC=CC1O	['C12837']
[O-]C1C(Cl)C(Cl)C(Cl)C(Cl)C1Cl	['C16181']
[O-]C1C(Cl)C(Cl)C(O)C(Cl)C1Cl	['C16182']
[O-]C1C(Cl)C(Cl)C([O-])C(Cl)C1Cl	['C16182']
[O-]C1C(O)c2ccccc2C2OC21	['C14784']
[O-]C1C(c2ccc(Cl)cc2)=CC=CC1O	['C06585']
[O-]C1C(c2ccccc2)=CC=CC1O	['C06589']
[O-]C1C2=C(C=CC1O)Cc1ccccc12	['C07721']
[O-]C1C=C(Br)C=CC1O	['C14844']
[O-]C1C=C(Cl)C(Cl)C=C1Cl	['C06598']
[O-]C1C=C(Cl)C(O)C=C1Cl	['C06599']
[O-]C1C=C(Cl)C([O-])C=C1Cl	['C06599']
[O-]C1C=C(F)C=CC1O	['C16483']
[O-]C1C=CC(Br)=CC1O	['C14844']
[O-]C1C=CC(Br)=CC1[O-]	['C14844']
[O-]C1C=CC(F)=CC1O	['C16483']
[O-]C1C=CC(F)=CC1[O-]	['C16483']
[O-]C1C=CC23CCN(Cc4cc5c(cc42)OCO5)C3C1	['C12162', 'C12193']
[O-]C1C=CC2=C(c3ccccc3C2)C1O	['C07721']
[O-]C1C=CC2=C(c3ccccc3C2)C1[O-]	['C07721']
[O-]C1C=CC=C(Br)C1O	['C14842']
[O-]C1C=CC=C(Br)C1[O-]	['C14842']
[O-]C1C=CC=C(Cl)C1O	['C12837']
[O-]C1C=CC=C(Cl)C1[O-]	['C12837']
[O-]C1C=CC=C(c2ccc(Cl)cc2)C1O	['C06585']
[O-]C1C=CC=C(c2ccc(Cl)cc2)C1[O-]	['C06585']
[O-]C1C=CC=C(c2ccccc2)C1O	['C06589']
[O-]C1C=CC=C(c2ccccc2)C1[O-]	['C06589']
[O-]C1C=CC=CC1(O)F	['C16484']
[O-]C1C=CC=CC1([O-])F	['C16484']
[O-]C1C=CC=CC1O	['C04091']
[O-]C1C=CC=CC1[O-]	['C04091']
[O-]C1C=Cc2c(cc3ccc4cccc5ccc2c3c45)C1O	['C14852', 'C18275']
[O-]C1C=Cc2c(cc3ccc4cccc5ccc2c3c45)C1[O-]	['C14852', 'C18275']
[O-]C1C=Cc2cc3ccc4cccc5ccc(c2C1O)c3c45	['C18276']
[O-]C1C=Cc2cc3ccc4cccc5ccc(c2C1[O-])c3c45	['C18276']
[O-]C1C=Cc2cc3ccccc3cc2C1O	['C16203']
[O-]C1C=Cc2cc3ccccc3cc2C1[O-]	['C16203']
[O-]C1C=Cc2ccc3ccccc3c2C1O	['C04468']
[O-]C1C=Cc2ccc3ccccc3c2C1[O-]	['C04468']
[O-]C1C=Cc2ccccc2C1O	['C04314', 'C06205']
[O-]C1C=Cc2ccccc2C1[O-]	['C04314', 'C06205']
[O-]C1CC=C2CCN3Cc4cc5c(cc4C1C23)OCO5	['C08521']
[O-]C1CCC(c2cccnc2)O1	['C19578']
[O-]C1CCCCC1	['C00854']
[O-]C1CCCCC1O	['C03739', 'C12313']
[O-]C1CCCCC1[O-]	['C03739', 'C12313']
[O-]C1CCN2CC=C(CO)C12	['C06177']
[O-]C1CCN2Cc3ccccc3N=C12	['C10733']
[O-]C1c2c(cc3ccc4cccc5ccc2c3c45)C=CC1O	['C18276']
[O-]C1c2c(ccc3ccccc23)C=CC1O	['C04468']
[O-]C1c2c3ccccc3cc3ccc4cccc(c4c23)C1O	['C18284', 'C18285']
[O-]C1c2cc3ccc4cccc5ccc(c2C=CC1O)c3c45	['C14852', 'C18275']
[O-]C1c2cc3ccccc3c3ccc4cccc(c4c23)C1O	['C18270']
[O-]C1c2cc3ccccc3cc2C=CC1O	['C16203']
[O-]C1c2cccc3ccc4c5ccccc5cc(c4c23)C1O	['C18270']
[O-]C1c2cccc3ccc4c5ccccc5cc(c4c23)C1[O-]	['C18270']
[O-]C1c2cccc3ccc4cc5ccccc5c(c4c23)C1O	['C18284', 'C18285']
[O-]C1c2cccc3ccc4cc5ccccc5c(c4c23)C1[O-]	['C18284', 'C18285']
[O-]C1c2cccc3ccc4cccc(c4c23)C1O	['C18249', 'C18255']
[O-]C1c2cccc3ccc4cccc(c4c23)C1[O-]	['C18249', 'C18255']
[O-]C1c2ccccc2-c2ccccc21	['C06711']
[O-]C1c2ccccc2-c2ccccc2C1O	['C11428']
[O-]C1c2ccccc2-c2ccccc2C1[O-]	['C11428']
[O-]C1c2ccccc2C(O)c2ccccc21	['C16205']
[O-]C1c2ccccc2C([O-])c2ccccc21	['C16205']
[O-]C1c2ccccc2C2OC2C1O	['C14784']
[O-]C1c2ccccc2C2OC2C1[O-]	['C14784']
[O-]C1c2ccccc2C=CC1O	['C04314', 'C06205']
[O-]CC(Cl)(Cl)Cl	['C07490']
[O-]CC1=CCN2CCC(O)C12	['C06177']
[O-]CC1=CCN2CCC([O-])C12	['C06177']
[O-]CC1=CC[NH+]2CCC([O-])C12	['C06177']
[O-]CC1CCCN2CCCCC12	['C10773']
[O-]CC1CCN2CCCC12	['C12440']
[O-]CC=CCl	['C06611', 'C06612']
[O-]CC=Cc1ccc([O-])cc1	['C02646']
[O-]CC=Cc1ccccc1	['C02394']
[O-]CCCC(O)c1cccnc1	['C19582']
[O-]CCCC([O-])c1ccc[nH+]c1	['C19582']
[O-]CCCC([O-])c1cccnc1	['C19582']
[O-]CCCO	['C02457']
[O-]CCC[O-]	['C02457']
[O-]CCCl	['C06753']
[O-]CCO	['C01380']
[O-]CC[O-]	['C01380']
[O-]CCc1c[n-]c2ccccc12	['C00955']
[O-]CCc1c[nH]c2ccccc12	['C00955']
[O-]CCc1ccc([O-])cc1	['C06044']
[O-]CCc1ccccc1	['C05853']
[O-]Cc1ccc(CO)o1	['C20443']
[O-]Cc1ccc(C[O-])o1	['C20443']
[O-]Cc1ccc2ccccc2c1	['C02909']
[O-]Cc1cccc([O-])c1	['C03351']
[O-]Cc1cccc2ccccc12	['C14089']
[O-]Cc1ccccc1	['C00556']
[O-]Cc1ccco1	['C20441']
[O-]c1c(Br)cc(O)cc1Br	['C16248']
[O-]c1c(Br)cccc1Br	['C16247']
[O-]c1c(Cl)c(Cl)c(Cl)c(Cl)c1Cl	['C02575']
[O-]c1c(Cl)c(Cl)c(O)c(Cl)c1Cl	['C03434']
[O-]c1c(Cl)c(Cl)c([O-])c(Cl)c1Cl	['C03434']
[O-]c1c(Cl)cc(Cl)c(Cl)c1O	['C12831']
[O-]c1c(Cl)cc(Cl)c(Cl)c1[O-]	['C12831']
[O-]c1c(Cl)cc(Cl)cc1Cl	['C07098']
[O-]c1c(Cl)cc(O)c(Cl)c1Cl	['C07099']
[O-]c1c(Cl)cc(O)cc1Cl	['C07097']
[O-]c1c(Cl)ccc(Cl)c1O	['C07094']
[O-]c1c(Cl)ccc(Cl)c1[O-]	['C07094']
[O-]c1c(Cl)cccc1Cl	['C07096']
[O-]c1c(O)c(Cl)c(Cl)c(Cl)c1Cl	['C18240']
[O-]c1c(O)c(Cl)cc(Cl)c1Cl	['C12831']
[O-]c1c(O)c2c3ccccc3cc3ccc4cccc1c4c32	['C18280']
[O-]c1c(O)c2cc3ccccc3c3ccc4cccc1c4c23	['C18279']
[O-]c1c(O)c2cccc3ccc4c5ccccc5cc1c4c32	['C18279']
[O-]c1c(O)c2cccc3ccc4cc5ccccc5c1c4c32	['C18280']
[O-]c1c(O)c2cccc3ccc4cccc1c4c32	['C18250']
[O-]c1c(O)cc(Cl)cc1Cl	['C02933']
[O-]c1c(O)ccc2c1-c1ccccc1C2	['C07717']
[O-]c1c(O)ccc2c1Cc1ccccc1-2	['C07724']
[O-]c1c(O)ccc2c1cc1ccc3cccc4ccc2c1c34	['C22355']
[O-]c1c(O)ccc2cc3ccc4cccc5ccc(c12)c3c45	['C18278']
[O-]c1c(O)ccc2cc3ccccc3cc12	['C16204']
[O-]c1c(O)ccc2ccc3ccccc3c12	['C03164']
[O-]c1c(O)ccc2ccccc12	['C03012']
[O-]c1c(O)cccc1-c1ccc(Cl)cc1	['C06586']
[O-]c1c(O)cccc1-c1ccccc1	['C02526']
[O-]c1c(O)cccc1Cl	['C05618']
[O-]c1c(O)cccc1F	['C16472']
[O-]c1c([O-])c(Cl)c(Cl)c(Cl)c1Cl	['C18240']
[O-]c1c([O-])c2c3ccccc3cc3ccc4cccc1c4c32	['C18280']
[O-]c1c([O-])c2cc3ccccc3c3ccc4cccc1c4c23	['C18279']
[O-]c1c([O-])c2cccc3ccc4cccc1c4c32	['C18250']
[O-]c1c2ccccc2c(O)c2ccccc12	['C16206']
[O-]c1c2ccccc2c([O-])c2ccccc12	['C16206']
[O-]c1c[n-]c2ccccc12	['C05658']
[O-]c1c[nH]c2ccccc12	['C05658']
[O-]c1cc(Br)c(O)c(Br)c1	['C16248']
[O-]c1cc(Br)c([O-])c(Br)c1	['C16248']
[O-]c1cc(Br)ccc1O	['C14843']
[O-]c1cc(Cl)c(Cl)cc1Cl	['C07101']
[O-]c1cc(Cl)c(O)c(Cl)c1	['C07097']
[O-]c1cc(Cl)c(O)c(Cl)c1Cl	['C07099']
[O-]c1cc(Cl)c(O)cc1Cl	['C06600']
[O-]c1cc(Cl)c([O-])c(Cl)c1	['C07097']
[O-]c1cc(Cl)c([O-])c(Cl)c1Cl	['C07099']
[O-]c1cc(Cl)c([O-])cc1Cl	['C06600']
[O-]c1cc(Cl)cc(Cl)c1O	['C02933']
[O-]c1cc(Cl)cc(Cl)c1[O-]	['C02933']
[O-]c1cc(Cl)ccc1Cl	['C06602']
[O-]c1cc(Cl)ccc1O	['C02375']
[O-]c1cc(F)ccc1O	['C16473']
[O-]c1cc(O)cc(C=Cc2ccccc2)c1	['C01745']
[O-]c1cc([O-])cc(C=Cc2ccccc2)c1	['C01745']
[O-]c1cc2ccccc2c2ccccc12	['C11430']
[O-]c1cc2ccccc2cc1O	['C16213']
[O-]c1cc2ccccc2cc1[O-]	['C16213']
[O-]c1ccc(Br)cc1	['C14453']
[O-]c1ccc(Br)cc1O	['C14843']
[O-]c1ccc(Br)cc1[O-]	['C14843']
[O-]c1ccc(C2COc3cc(O)ccc3C2)cc1	['C14131']
[O-]c1ccc(C2COc3cc([O-])ccc3C2)cc1	['C14131']
[O-]c1ccc(C=CCO)cc1	['C02646', 'C02646']
[O-]c1ccc(CC=NO)cc1	['C04350']
[O-]c1ccc(CCO)cc1	['C06044', 'C06044']
[O-]c1ccc(Cc2ccc(O)cc2)cc1	['C14298']
[O-]c1ccc(Cc2ccc([O-])cc2)cc1	['C14298']
[O-]c1ccc(Cl)cc1	['C02124']
[O-]c1ccc(Cl)cc1Cl	['C02625']
[O-]c1ccc(Cl)cc1O	['C02375']
[O-]c1ccc(Cl)cc1[O-]	['C02375']
[O-]c1ccc(F)cc1O	['C16473']
[O-]c1ccc(F)cc1[O-]	['C16473']
[O-]c1ccc(N=Nc2c(O)ccc3ccccc23)cc1	['C20281']
[O-]c1ccc(N=Nc2c([O-])ccc3ccccc23)cc1	['C20281']
[O-]c1ccc(O)c(Cl)c1	['C06601']
[O-]c1ccc(O)c2ccccc12	['C14785']
[O-]c1ccc(O)cc1	['C00530']
[O-]c1ccc(O)cc1Cl	['C06601']
[O-]c1ccc(O)cn1	['C01059']
[O-]c1ccc(O)nc1	['C01059']
[O-]c1ccc([O-])c(Cl)c1	['C06601']
[O-]c1ccc([O-])c2ccccc12	['C14785']
[O-]c1ccc([O-])cc1	['C00530']
[O-]c1ccc([O-])nc1	['C01059']
[O-]c1ccc2[n-]c[nH+]c2c1	['C21764']
[O-]c1ccc2[n-]cnc2c1	['C21764']
[O-]c1ccc2[nH]cnc2c1	['C21764', 'C21764']
[O-]c1ccc2c(N=Nc3ccccc3)c(O)ccc2c1	['C20280']
[O-]c1ccc2c(N=Nc3ccccc3)c([O-])ccc2c1	['C20280']
[O-]c1ccc2c(c1)C=Cc1ccccc1N2	['C16604']
[O-]c1ccc2c(c1)OC1c3ccc(O)cc3OCC21	['C04271']
[O-]c1ccc2c(c1)OC1c3ccc([O-])cc3OCC21	['C04271']
[O-]c1ccc2c(c1)OCC(c1ccc(O)cc1)C2	['C14131']
[O-]c1ccc2c(c1)OCC1c3ccc(O)cc3OC21	['C04271']
[O-]c1ccc2c(c1)OCc1c-2oc2cc(O)ccc12	['C10200']
[O-]c1ccc2c(c1)OCc1c-2oc2cc([O-])ccc12	['C10200']
[O-]c1ccc2c(c1O)-c1ccccc1C2	['C07717']
[O-]c1ccc2c(c1O)Cc1ccccc1-2	['C07724']
[O-]c1ccc2c(c1[O-])-c1ccccc1C2	['C07717']
[O-]c1ccc2c(c1[O-])Cc1ccccc1-2	['C07724']
[O-]c1ccc2c(cc3ccc4cccc5ccc2c3c45)c1O	['C22355']
[O-]c1ccc2c(cc3ccc4cccc5ccc2c3c45)c1[O-]	['C22355']
[O-]c1ccc2c3c(oc2c1)-c1ccc(O)cc1OC3	['C10200']
[O-]c1ccc2cc(O)ccc2c1N=Nc1ccccc1	['C20280']
[O-]c1ccc2cc3c4c(ccc5cccc(c54)C4OC34)c2c1	['C14854']
[O-]c1ccc2cc3ccc4cccc5ccc(c2c1)c3c45	['C14556']
[O-]c1ccc2cc3ccc4cccc5ccc(c2c1O)c3c45	['C18278']
[O-]c1ccc2cc3ccc4cccc5ccc(c2c1[O-])c3c45	['C18278']
[O-]c1ccc2cc3ccccc3cc2c1O	['C16204']
[O-]c1ccc2cc3ccccc3cc2c1[O-]	['C16204']
[O-]c1ccc2ccc3c(O)ccc4ccc1c2c43	['C18263']
[O-]c1ccc2ccc3c([O-])ccc4ccc1c2c43	['C18263']
[O-]c1ccc2ccc3c4c(ccc1c24)=CC1OC31	['C18265']
[O-]c1ccc2ccc3c4c(ccc1c24)C1OC1C=3	['C18266']
[O-]c1ccc2ccc3ccc(O)c4ccc1c2c34	['C18264']
[O-]c1ccc2ccc3ccc([O-])c4ccc1c2c34	['C18264']
[O-]c1ccc2ccc3cccc4ccc1c2c34	['C14519']
[O-]c1ccc2ccc3ccccc3c2c1O	['C03164']
[O-]c1ccc2ccc3ccccc3c2c1[O-]	['C03164']
[O-]c1ccc2ccccc2c1	['C11713']
[O-]c1ccc2ccccc2c1N=Nc1ccc(O)cc1	['C20281']
[O-]c1ccc2ccccc2c1N=Nc1ccccc1	['C19525']
[O-]c1ccc2ccccc2c1O	['C03012']
[O-]c1ccc2ccccc2c1[O-]	['C03012']
[O-]c1ccc2nccc(O)c2c1	['C05639']
[O-]c1ccc2nccc([O-])c2c1	['C05639']
[O-]c1cccc(-c2ccc(Cl)cc2)c1O	['C06586']
[O-]c1cccc(-c2ccc(Cl)cc2)c1[O-]	['C06586']
[O-]c1cccc(-c2ccccc2)c1O	['C02526']
[O-]c1cccc(-c2ccccc2)c1[O-]	['C02526']
[O-]c1cccc(CO)c1	['C03351', 'C03351']
[O-]c1cccc(Cl)c1O	['C05618']
[O-]c1cccc(Cl)c1[O-]	['C05618']
[O-]c1cccc(F)c1O	['C16472']
[O-]c1cccc(F)c1[O-]	['C16472']
[O-]c1cccc(O)c1	['C01751']
[O-]c1cccc(O)n1	['C03056']
[O-]c1cccc([O-])c1	['C01751']
[O-]c1cccc([O-])n1	['C03056']
[O-]c1cccc2c(O)ccnc12	['C05637']
[O-]c1cccc2c1ccc1ccccc12	['C11432']
[O-]c1cccc2ccccc12	['C11714']
[O-]c1cccc2nc3ccccc3nc12	['C21477']
[O-]c1ccccc1	['C00146']
[O-]c1ccccc1Br	['C14841']
[O-]c1ccccc1O	['C00090']
[O-]c1ccccc1[O-]	['C00090']
[O-]c1ccnc2c(O)cccc12	['C05637']
[O-]c1ccnc2c([O-])cccc12	['C05637']
[O-]c1ccnc2ccc(O)cc12	['C05639']
[O]c1ccc([O-])cc1	['C02389']
c1ccc2[n-]ccc2c1	['C00463']
c1ccc2c(c1)[n-]c1ccccc12	['C08060']
c1nc(CC2CCNCC2)c[n-]1	['C17932']
