smiles	kegg_id	formal_charge
O=[N+]([O-])[O-]	['C00244']	-1
Cc1ccc(S(=O)(=O)[O-])cc1	['C06677']	-1
CS(=O)(=O)[O-]	['C11145', 'C12560']	-1
CCOP(=O)([O-])OCC	['C06608']	-1
NCCCC[C@@H](N)C(=O)[O-]	['C00739']	-1
NCCCC[C@H](N)C(=O)[O-]	['C00047']	-1
CCC(=O)[O-]	['C00163']	-1
CCCCCCCCCC(=O)[O-]	['C01571']	-1
CC(=O)[O-]	['C00033']	-1
CCCCCCCC(=O)[O-]	['C06423']	-1
[I-]	['C00708']	-1
[Cl-]	['C00698']	-1
O=P([O-])(O)O	['C00009']	-1
N[C@@H](CCCCNO)C(=O)[O-]	['C01028']	-1
CCCC(=O)[O-]	['C00246']	-1
NCCC[C@H](N)C(=O)[O-]	['C00077']	-1
NCCC[C@@H](N)C(=O)[O-]	['C00515']	-1
C[C@H](N)CC[C@@H](N)C(=O)[O-]	['C05161']	-1
C[C@@H]([O-])C(=O)[O-]	['C00256']	-2
C[C@H]([O-])C(=O)[O-]	['C00186']	-2
CC(C)C(=O)[O-]	['C02632']	-1
O=C([O-])CC[O-]	['C01013']	-2
C=CC(=O)[O-]	['C00511']	-1
O=C([O-])C[O-]	['C00160', 'C03547']	-2
C[C@@H]([O-])CC(=O)[O-]	['C01089']	-2
CC[C@H]([O-])C(=O)[O-]	['C05984']	-2
O=P([O-])([O-])CO	['C06455']	-2
O=N[O-]	['C00088']	-1
O=C([O-])C1CC1	['C16267']	-1
CCCCCCCCCCCC(=O)[O-]	['C02679']	-1
O=C([O-])CF	['C06108']	-1
NC[C@H](O)CC[C@H](N)C(=O)[O-]	['C16741', 'C16741']	-1
O=S(=O)([O-])CC[O-]	['C05123']	-2
C#CC(=O)[O-]	['C00804']	-1
C[C@@H](C[O-])C(=O)[O-]	['C06001']	-2
O=C([O-])CCC[O-]	['C00989']	-2
O=C[O-]	['C00058']	-1
CCC(C)C(=O)[O-]	['C18319']	-1
O=C([O-])C1CCCCC1	['C09822']	-1
NCCC[C@H](N)CC(=O)[O-]	['C01142']	-1
NC[C@H]([O-])CC[C@H](N)C(=O)[O-]	['C16741']	-2
C[C@H](N)C[C@@H](N)C(=O)[O-]	['C03943']	-1
O=CCC(=O)[O-]	['C00222']	-1
CC(=O)C(=O)[O-]	['C00022']	-1
O=P([O-])([O-])O	['C00009']	-2
CC(C)CC(=O)[O-]	['C08262']	-1
N=CC(=O)[O-]	['C15809']	-1
NCC[C@H](N)C(=O)[O-]	['C03283']	-1
CC(O)C[O-]	['C00583']	-1
O=CC(=O)[O-]	['C00048']	-1
C[C@@H](O)CC(=O)[O-]	['C01089', 'C01089']	-1
CC([O-])CO	['C00583']	-1
O=P([O-])([O-])CCO	['C06451', 'C06451']	-2
C[C@H]([O-])[C@H](C)O	['C03046']	-1
C[C@@H]([O-])[C@@H](C)O	['C03044']	-1
O=C([O-])[O-]	['C00288', 'C01353']	-2
CCCC(CCC)C(=O)[O-]	['C07185']	-1
CCC(=O)C(=O)[O-]	['C00109']	-1
O=CCCC(=O)[O-]	['C00232']	-1
C#CCC(=O)[O-]	['C06144']	-1
CC(=O)CC(=O)[O-]	['C00164']	-1
C=C(CC(=O)[O-])C(C)C	['C11950']	-1
O=CCCCCCCCC(=O)[O-]	['C16322']	-1
CC(C)CC(=O)C(=O)[O-]	['C00233']	-1
CN(C)CCOP(=O)([O-])[O-]	['C13482']	-2
C[C@H](O)CP(=O)([O-])[O-]	['C06452', 'C06452']	-2
CNCC(=O)[O-]	['C00213']	-1
O=C([O-])CCO	['C01013', 'C01013']	-1
[O-]CC([O-])CO	['C00116']	-2
C[C@@H](CO)C(=O)[O-]	['C06001', 'C06001']	-1
CC([O-])C[O-]	['C00583']	-2
[O-]C1C=Cc2ccccc2C1[O-]	['C06205']	-2
[O-][C@@H]1c2ccccc2C=C[C@@H]1[O-]	['C04314']	-2
O=C([O-])CCCO	['C00989', 'C00989']	-1
O=S(=O)([O-])CCO	['C05123']	-1
[O-]CCCO	['C02457']	-1
[O-]CCO	['C01380']	-1
CC(C)C(=O)C(=O)[O-]	['C00141']	-1
N#C[O-]	['C01417']	-1
O=CCCCCCC(=O)[O-]	['C16590']	-1
[O-]CC(O)C[O-]	['C00116']	-2
NCCCNCCC(N)C(=O)[O-]	['C18174']	-1
CC[C@H](C)C(=O)C(=O)[O-]	['C00671']	-1
C[C@H](O)C(=O)[O-]	['C00186', 'C00186']	-1
C[C@@H](O)C(=O)[O-]	['C00256', 'C00256']	-1
O=C([O-])CO	['C00160', 'C00160', 'C03547', 'C03547']	-1
CCCC(CC(C)[O-])C(=O)[O-]	['C16649']	-2
N[C@@H](CC[C@@H]([O-])C[NH3+])C(=O)[O-]	['C16741']	-1
O=S([O-])O	['C00094', 'C11481']	-1
O=CP(=O)([O-])[O-]	['C17943']	-2
O=S([O-])[O-]	['C00094', 'C11481']	-2
C[C@@H](C=O)C(=O)[O-]	['C06002']	-1
CC(C=O)C(=O)[O-]	['C00349']	-1
CN(C)CC(=O)[O-]	['C01026']	-1
CC[C@H](O)C(=O)[O-]	['C05984', 'C05984']	-1
NC[C@H](N)C(=O)[O-]	['C03401']	-1
O=CCP(=O)([O-])[O-]	['C03167']	-2
O=CC([O-])C(=O)[O-]	['C01146']	-2
O=P([O-])(O)CO	['C06455']	-1
CC(=O)C[O-]	['C05235']	-1
O=C([O-])[C@@H]1CCCCN1	['C00408']	-1
O=CCCCCC(=O)[O-]	['C06102']	-1
NC(=O)NCCC[C@H](N)C(=O)[O-]	['C00327', 'C00327']	-1
O=C([O-])[C@H]1CCCN1	['C00763']	-1
O=C([O-])[C@@H]1CCCN1	['C00148']	-1
CSCCC(=O)[O-]	['C08276']	-1
CC(=O)N[C@@H](CCCN)C(=O)[O-]	['C00437']	-1
[O-]CC[O-]	['C01380']	-2
C[C@H]([O-])C=O	['C00424']	-1
C[C@@H]([O-])C=O	['C00937']	-1
CNCCP(=O)([O-])[O-]	['C05679']	-2
CC(N)C(N)CCCCCC(=O)[O-]	['C01037']	-1
CC(=O)CC([O-])CC(=O)[O-]	['C16272']	-2
O=C(C[O-])C[O-]	['C00184']	-2
NCCCCNCCC(N)C(=O)[O-]	['C18172']	-1
[O-][C@H]1C=Cc2ccccc2[C@H]1O	['C04314']	-1
[O-]C1C=Cc2ccccc2C1O	['C06205']	-1
O=C([O-])O	['C00288', 'C01353']	-1
O=C([O-])CCCCC[O-]	['C06103']	-2
O=C([O-])C(=O)C[O-]	['C00168']	-2
O=S(=O)([O-])c1ccc(C[O-])cc1	['C06678']	-2
CC(=O)[C@@H](C)[O-]	['C00810']	-1
CC(=O)[C@H](C)[O-]	['C01769']	-1
CN(C)CCOP(=O)([O-])O	['C13482']	-1
CCCC(C(=O)[O-])C(=O)CC	['C16652']	-1
NC[C@H]([O-])CC[C@H]([NH3+])C(=O)[O-]	['C16741']	-1
O=P([O-])(O)CCO	['C06451', 'C06451']	-1
O=CCCCC(=O)[O-]	['C03273']	-1
CCC([O-])CC(=O)C(=O)[O-]	['C06762']	-2
O=CP(=O)([O-])O	['C17943']	-1
C[C@H](N)C[C@H](N)CC(=O)[O-]	['C01186']	-1
O=CC[O-]	['C00266']	-1
[NH3+]CCP(=O)([O-])[O-]	['C03557']	-1
CC[C@]([O-])(C(C)=O)C(=O)[O-]	['C06006']	-2
O=CCC[O-]	['C00969']	-1
CC(=O)[C@](C)([O-])C(=O)[O-]	['C06010']	-2
CC[C@@](C)([O-])C(=O)C(=O)[O-]	['C14463']	-2
[O-]C1c2ccccc2C=CC1O	['C06205']	-1
[O-][C@@H]1c2ccccc2C=C[C@@H]1O	['C04314']	-1
C[C@H]([O-])[C@H](C)[O-]	['C03046']	-2
C[C@@H]([O-])[C@@H](C)[O-]	['C03044']	-2
CCc1ccc([O-])cc1	['C13637']	-1
CC(C)([O-])C#N	['C02659']	-1
[O-]C(CO)CO	['C00116']	-1
CCCC(C(=O)[O-])C([O-])CC	['C16651']	-2
O=C1CC[C@H](C(=O)[O-])[N-]1	['C02237']	-2
O=C1CC[C@@H](C(=O)[O-])[N-]1	['C01879']	-2
CC(C)([O-])C(=O)C(=O)[O-]	['C04181']	-2
N=C(N)NCCCC(=O)[O-]	['C01035']	-1
[NH-]C=O	['C00488']	-1
CNCCCC(=O)[O-]	['C15987']	-1
NC(=O)[N-]CCC[C@H](N)C(=O)[O-]	['C00327', 'C00327']	-2
NC(=O)C(N)CCC(=O)[O-]	['C16673', 'C16673']	-1
CNCCOP(=O)([O-])[O-]	['C01210']	-2
CC([O-])CC(=O)C(=O)[O-]	['C03589']	-2
O=CCS(=O)(=O)[O-]	['C00593']	-1
[O-]CC(O)CO	['C00116']	-1
O=C([O-])[C@H]([O-])CO	['C00258']	-2
O=C[C@@H]([O-])C[O-]	['C02426']	-2
O=C[C@H]([O-])C[O-]	['C00577']	-2
[NH-]C(=O)C(=O)[O-]	['C01444']	-2
O=C1[N-]S(=O)(=O)c2ccccc21	['C12283', 'C12284']	-1
O=C[C@@H]([O-])CO	['C02426']	-1
O=C[C@H]([O-])CO	['C00577']	-1
O=C[C@H](O)C[O-]	['C00577']	-1
O=C[C@@H](O)C[O-]	['C02426']	-1
CC(=O)[N-]CCCC(=O)[O-]	['C02946']	-2
C[C@H](O)CP(=O)([O-])O	['C06452', 'C06452']	-1
CC(=O)[N-]CCC(=O)[O-]	['C01073']	-2
CC(C)(C[O-])C(=O)C(=O)[O-]	['C00966']	-2
NC(=O)C[C@H](N)C(=O)[O-]	['C00152', 'C00152']	-1
[O-]c1ccc(/C=C/CO)cc1	['C02646', 'C02646']	-1
O=S(=O)([O-])c1ccc(CO)cc1	['C06678']	-1
CCCC(CC(C)=O)C(=O)[O-]	['C16655']	-1
C=CC([NH-])=O	['C01659']	-1
CC(C)[O-]	['C01845']	-1
O=S(=O)(O)[S-]	['C00320']	-1
O=C([O-])CCCCCO	['C06103', 'C06103']	-1
[NH-]C([NH-])=O	['C00086']	-2
CC(=O)OP(=O)([O-])[O-]	['C00227']	-2
NC(=O)CC[C@H](N)C(=O)[O-]	['C00064', 'C00064']	-1
NC(=O)CC[C@@H](N)C(=O)[O-]	['C00819', 'C00819']	-1
O=CCP(=O)([O-])O	['C03167']	-1
O=C(C[O-])CO	['C00184']	-1
N#C[C@H]([O-])c1ccccc1	['C00561']	-1
Cc1ccc2c(c1)[C@@H]([O-])[C@@H]([O-])C=C2	['C14102']	-2
NCCCC[N-]C(N)=O	['C00436']	-1
C/C(C(=O)[O-])=C(\C)C(=O)[O-]	['C00922']	-2
CCc1cccc([O-])c1[O-]	['C06728']	-2
CCc1cccc(O)c1[O-]	['C06728']	-1
CCc1cccc([O-])c1O	['C06728']	-1
[O-]CCC[O-]	['C02457']	-2
CC[O-]	['C00469']	-1
C=C(C[C@H](N)C(=O)[O-])C(N)=O	['C01109', 'C01109']	-1
C#CCC[O-]	['C06146']	-1
O=C(O)P(=O)([O-])O	['C06456']	-1
C[N-]C(=O)[N-]C	['C16364']	-2
C[N-]C([NH-])=O	['C16363']	-2
CCC(=O)OP(=O)([O-])[O-]	['C02876']	-2
CC[C@@](C)(O)[C@@H]([O-])C(=O)[O-]	['C06007', 'C06007']	-2
O=S(=O)([O-])CC[S-]	['C03576']	-2
O=C1CCC(C(=O)[O-])=C[N-]1	['C04226']	-2
[O-]C/C=C/c1ccc([O-])cc1	['C02646']	-2
O=C(C[O-])c1ccccc1	['C07189']	-1
C[N-]C(=O)NC	['C16364']	-1
CC(O)c1ccc([O-])cc1	['C13638', 'C13638']	-1
CC(C)(O)[C@@H]([O-])C(=O)[O-]	['C04272', 'C04272']	-2
CC(C)(C=O)[C@@H]([O-])C(=O)[O-]	['C01053']	-2
CC[C@@](C)([O-])[C@@H](O)C(=O)[O-]	['C06007']	-2
O=C([O-])CCCCCCS	['C16593', 'C16593']	-1
C/C(=C\C(=O)[O-])C(=O)[O-]	['C01732']	-2
C/C(=C/C(=O)[O-])C(=O)[O-]	['C02226']	-2
O=CCCc1ccc([O-])cc1	['C16706']	-1
O=C([O-])/C=C/Cl	['C06614']	-1
O=C([O-])/C=C\Cl	['C06615']	-1
C[C@@H]([O-])CN	['C03194']	-1
C=Cc1ccc([O-])cc1	['C05627']	-1
CCCC(CCC[O-])C(=O)[O-]	['C16650']	-2
C=C(CCC(=O)[O-])C(=O)[O-]	['C02930']	-2
CC(=O)[N-]CCCC[C@H](N)C(=O)O	['C02727']	-1
[O-]CCNCC[O-]	['C06772']	-2
CCCC(=O)OP(=O)([O-])[O-]	['C02527']	-2
O=Cc1ccc(S(=O)(=O)[O-])cc1	['C06679']	-1
CC[C@](O)(C(C)=O)C(=O)[O-]	['C06006', 'C06006']	-1
O=CCC(C[O-])C(=O)[O-]	['C04106']	-2
O=C([O-])CCCCCC[S-]	['C16593']	-2
CCCCCCCCCC(=O)[C@@H]([O-])CC	['C16640']	-1
CNC([NH-])=O	['C16363']	-1
O=S(=O)([O-])CCS	['C03576']	-1
NCCCC[C@H]([N-]C(=O)CC[NH3+])C(=O)[O-]	['C05341']	-1
CCCCCCCCCCCCCC(=O)[O-]	['C06424']	-1
Cc1ccc([O-])c(O)c1	['C06730']	-1
CC([O-])c1ccc([O-])cc1	['C13638']	-2
CC(C)([O-])[C@@H](O)C(=O)[O-]	['C04272']	-2
O=C([O-])/C=C\C(=O)[O-]	['C01384']	-2
O=C([O-])/C=C/C(=O)[O-]	['C00122']	-2
C[C@@](O)(CC[O-])CC(=O)[O-]	['C00418', 'C00418']	-2
NC(=O)[N-][C@H](N)C(=O)[O-]	['C02091', 'C02091']	-2
CCCC(C(=O)[O-])C(O)CC	['C16651', 'C16651']	-1
CSCCC(=O)C(=O)[O-]	['C01180']	-1
O=C[N-]C1CCCCC1	['C11519']	-1
Cc1cccc([O-])c1	['C01467']	-1
CSCCS(=O)(=O)[O-]	['C03920']	-1
C[C@@]([O-])(CCO)CC(=O)[O-]	['C00418']	-2
C[O-]	['C00132']	-1
CSCCCC(=O)C(=O)[O-]	['C17211']	-1
[O-]C[C@@H](O)[C@@H]([O-])CO	['C00503']	-2
[O-]C[C@H](O)[C@H]([O-])CO	['C00503']	-2
CC(=O)[N-]NC(C)=O	['C16622']	-1
CC(C)(CO)C(=O)C(=O)[O-]	['C00966', 'C00966']	-1
NC(=O)[N-]CCC[C@H]([NH3+])C(=O)[O-]	['C00327', 'C00327']	-1
CCC(=O)OP(=O)([O-])O	['C02876']	-1
CCC[O-]	['C05979']	-1
CC(O)CC(=O)C(=O)[O-]	['C03589', 'C03589']	-1
[NH-]C(=O)NCCC[C@H](N)C(=O)[O-]	['C00327']	-2
C=C(CCC(=O)O)C(=O)[O-]	['C02930']	-1
CC(=O)OP(=O)([O-])O	['C00227']	-1
O=CC(O)C(=O)[O-]	['C01146', 'C01146']	-1
O=C([O-])CS(=O)(=O)[O-]	['C14179']	-2
N[C@@H](CCCC=O)C(=O)[O-]	['C04076']	-1
CCC(O)CC(=O)C(=O)[O-]	['C06762', 'C06762']	-1
NCCP(=O)([O-])[O-]	['C03557']	-2
CC(=O)[C@](C)(O)C(=O)[O-]	['C06010', 'C06010']	-1
CC(=O)[N-]CCC(=O)O	['C01073']	-1
CCCC(CC(C)O)C(=O)[O-]	['C16649', 'C16649']	-1
CNCCc1ccc([O-])cc1	['C02442']	-1
C/C(C(=O)[O-])=C(\C)C(=O)O	['C00922']	-1
[O-][C@@H]1CCCC[C@H]1O	['C03739']	-1
[O-][C@@H]1CCCC[C@@H]1O	['C12313']	-1
[O-][C@H]1CCCC[C@H]1O	['C12313']	-1
CSCCCCC(=O)C(=O)[O-]	['C17216']	-1
CC(=O)[N-][N-]C(C)=O	['C16622']	-2
[NH-]C(=O)c1ccccc1	['C09815']	-1
NCCCC[N-]C(=O)CC[C@H](N)C(=O)[O-]	['C15699']	-2
O=COP(=O)([O-])O	['C02405']	-1
CC1(O)C(=O)[N-]c2ccccc21	['C05834']	-1
O=C([O-])[C@H](O)C[O-]	['C00258', 'C00258']	-2
Cc1cccc(O)c1[O-]	['C02923']	-1
Cc1cccc([O-])c1O	['C02923']	-1
[O-]CCc1ccc([O-])cc1	['C06044']	-2
Cc1ccc(O)c([O-])c1	['C06730']	-1
Cc1cccc([O-])c1[O-]	['C02923']	-2
CC(=O)[N-]CCCC=O	['C05936']	-1
CC(=O)[N-]CCCCC(=O)[O-]	['C03087']	-2
O=C1CCCCC[N-]1	['C06593']	-1
[O-][C@H](CO)[C@@H]([O-])CO	['C00503']	-2
O=C([O-])[C@H]1C[C@@H]([O-])CN1	['C03440']	-2
O=C([O-])[C@@H]1C[C@@H]([O-])CN1	['C01157']	-2
CCCC(=O)OP(=O)([O-])O	['C02527']	-1
CN(C)CCP(=O)([O-])[O-]	['C05680']	-2
O=C1[N-]c2ccccc2C1O	['C11130']	-1
[O-]c1c[n-]c2ccccc12	['C05658']	-2
CC(C)/C(=C/C(=O)[O-])C(=O)[O-]	['C02631']	-2
CCCC[O-]	['C06142']	-1
NCCCCC(=O)C(=O)[O-]	['C03239']	-1
O=C1[N-]c2ccccc2C1[O-]	['C11130']	-2
CCC(C)CCCCCCCCCCC(=O)[O-]	['C16665']	-1
NCCC(=O)[N-][C@@H](CCCC[NH3+])C(=O)[O-]	['C05341']	-1
[NH-]C(=O)NCCCCN	['C00436']	-1
C[NH+](C)CCP(=O)([O-])[O-]	['C05680']	-1
N[C@H](C(=O)[O-])[C@H](O)CO	['C06056', 'C06056', 'C06056']	-1
NCCCC[C@H]([N-]C(=O)CCN)C(=O)[O-]	['C05341']	-2
NCC[O-]	['C00189']	-1
CC1([O-])C(=O)[N-]c2ccccc21	['C05834']	-2
CC(=O)NCCCC[C@H](N)C(=O)[O-]	['C02727']	-1
C=C(C(=O)[O-])C(C)C(=O)O	['C02295']	-1
[O-]C[C@@H]([O-])[C@@H](O)CO	['C00503']	-2
[O-]C[C@H]([O-])[C@H](O)CO	['C00503']	-2
C=C(CC(=O)O)C(=O)[O-]	['C00490']	-1
O=C1CC[C@H](C(=O)O)[N-]1	['C02237']	-1
O=C1CC[C@@H](C(=O)O)[N-]1	['C01879']	-1
CC(=O)[N-][C@@H](CCCN)C(=O)O	['C00437']	-1
NCCS(=O)(=O)[O-]	['C00245']	-1
Cc1ccc2c(c1)[C@@H](O)[C@@H]([O-])C=C2	['C14102']	-1
[O-]Cc1ccc2c(c1)[C@@H]([O-])[C@@H](O)C=C2	['C14104']	-2
Cc1ccc([O-])c([O-])c1	['C06730']	-2
CC(C)(C[O-])[C@@H](O)C(=O)[O-]	['C00522']	-2
Cc1cccc2c1[C@@H]([O-])[C@@H]([O-])C=C2	['C14083']	-2
Cc1ccccc1[O-]	['C01542']	-1
C=C(N)C(=O)[O-]	['C02218']	-1
CSCCCCCCC(=O)C(=O)[O-]	['C17224']	-1
CN(N=O)C([NH-])=O	['C14595']	-1
O=C([O-])CC[N+](=O)[O-]	['C05669']	-1
[O-]Cc1ccc2c(c1)[C@@H](O)[C@@H]([O-])C=C2	['C14104']	-2
Cc1cccc(C=O)c1[O-]	['C14087']	-1
C/C(=C/C(=O)O)C(=O)[O-]	['C02226']	-1
C/C(=C\C(=O)O)C(=O)[O-]	['C01732']	-1
C=C(C(=O)[O-])C(C)C(=O)[O-]	['C02295']	-2
Cc1ccc([O-])cc1	['C01468']	-1
[O-]CCCl	['C06753']	-1
[NH-]C(=O)/C=C\C(=O)[O-]	['C01596']	-2
Cc1cccc2c1[C@@H](O)[C@@H]([O-])C=C2	['C14083']	-1
NCCCC[N-]C(=O)CC[C@H]([NH3+])C(=O)[O-]	['C15699']	-1
CC(C(=O)[O-])C(=O)O	['C02170']	-1
O=C([O-])CCC(=O)O	['C00042']	-1
C/C(=C\C(=O)[O-])C(=O)O	['C01732']	-1
C/C(=C/C(=O)[O-])C(=O)O	['C02226']	-1
O=CCc1ccc([O-])cc1	['C03765']	-1
O=C([O-])C(=O)[O-]	['C00209']	-2
[NH-]C(=O)NCCC[C@H]([NH3+])C(=O)[O-]	['C00327']	-1
CC(=O)/C=C\C(=O)[O-]	['C07091']	-1
O=C([O-])CCl	['C06755']	-1
C=C(CC(=O)[O-])C(=O)[O-]	['C00490']	-2
CC(=O)[N-]CCCC[C@H](N)C(=O)[O-]	['C02727']	-2
NC(=O)[N-]CCC[C@H](N)C(=O)O	['C00327']	-1
O=C([O-])CCCC(=O)[O-]	['C00489']	-2
[O-]CCNCCO	['C06772']	-1
C[N+](C)(C)CCP(=O)([O-])[O-]	['C06459']	-1
C=C(CCC(=O)[O-])C(=O)O	['C02930']	-1
N=C(c1ccccc1)S(=O)[O-]	['C16285']	-1
CSCCCCCC(=O)C(=O)[O-]	['C17220']	-1
[O-]Cc1cccc([O-])c1	['C03351']	-2
[O-][C@@H]1c2cc(CO)ccc2C=C[C@@H]1[O-]	['C14104']	-2
O=C1CCC(C(=O)O)=C[N-]1	['C04226']	-1
[O-]c1c[nH]c2ccccc12	['C05658']	-1
CC(=O)[N-]CCCC(=O)O	['C02946']	-1
C=Cc1cccc([O-])c1[O-]	['C07085']	-2
CC(C)(C=O)[C@@H](O)C(=O)[O-]	['C01053', 'C01053']	-1
[O-]C[C@@H](O)[C@@H](O)C[O-]	['C00503']	-2
[O-][C@@H]1CCCC[C@H]1[O-]	['C03739']	-2
[O-][C@@H]1CCCC[C@@H]1[O-]	['C12313']	-2
NCC(=O)[O-]	['C00037']	-1
CNCCP(=O)([O-])O	['C05679']	-1
NCCS(=O)[O-]	['C00519']	-1
Cc1ccc2c(c1)[C@@H]([O-])[C@@H](O)C=C2	['C14102']	-1
[O-]c1cccc(CO)c1	['C03351', 'C03351']	-1
NC(=O)N[C@H](N)C(=O)[O-]	['C02091', 'C02091']	-1
O=C([O-])C(=O)CO	['C00168', 'C00168']	-1
CC[C@@](C)(O)C(=O)C(=O)[O-]	['C14463', 'C14463']	-1
NCCC(=O)[O-]	['C00099']	-1
C=Cc1ccc(O)c([O-])c1	['C06224']	-1
O=C([O-])CC(=O)O	['C00383']	-1
C=Cc1ccc([O-])c(O)c1	['C06224']	-1
O=C([O-])CCCCC(=O)[O-]	['C06104']	-2
N=C(N)NCCC[C@@H](N)C(=O)[O-]	['C00792']	-1
N=C(N)NCCC[C@H](N)C(=O)[O-]	['C00062']	-1
N[C@H](C(=O)[O-])[C@H]([O-])CO	['C06056']	-2
CC(C)(CO)[C@@H]([O-])C(=O)[O-]	['C00522', 'C00522']	-2
N[C@@H](CCC(=O)[N-]CCCC[NH3+])C(=O)[O-]	['C15699']	-1
[O-]c1ccccc1	['C00146']	-1
NC(=O)[O-]	['C01563']	-1
O=C1CCCCC1[O-]	['C01147']	-1
CN1CC(=O)[N-]C1=O	['C02565']	-1
CN(CC(=O)[O-])C([NH-])=O	['C01043']	-2
O=C1CC[C@H](C(=O)[O-])N1	['C02237']	-1
O=C1CC[C@@H](C(=O)[O-])N1	['C01879']	-1
O=C([O-])C(=O)CS	['C00957', 'C00957']	-1
O=c1cccccc1[O-]	['C15474']	-1
C[C@H](N)C(=O)[O-]	['C00041']	-1
C[C@@H](N)C(=O)[O-]	['C00133']	-1
CC(N)C(=O)[O-]	['C01401']	-1
O=C([O-])C(=O)C[S-]	['C00957']	-2
CC(C)(O)C(=O)C(=O)[O-]	['C04181', 'C04181']	-1
O=CCCC(=O)C(=O)[O-]	['C00433']	-1
Cc1cccc2c1[C@@H]([O-])[C@@H](O)C=C2	['C14083']	-1
O=COP(=O)([O-])[O-]	['C02405']	-2
CC(=O)CC(O)CC(=O)[O-]	['C16272', 'C16272']	-1
CNCCOP(=O)([O-])O	['C01210']	-1
O=C([O-])CCCC(=O)O	['C00489']	-1
CC(C)/C(=C/C(=O)[O-])C(=O)O	['C02631']	-1
C[C@H](O)[C@@H](N)C(=O)[O-]	['C00820', 'C00820']	-1
C[C@@H](O)[C@H](N)C(=O)[O-]	['C00188', 'C00188']	-1
C[C@H](O)[C@H](N)C(=O)[O-]	['C05519', 'C05519']	-1
N[C@@H](CCO)C(=O)[O-]	['C00263', 'C00263']	-1
NCCCC[N-]C(=O)CC[C@H](N)C(=O)O	['C15699']	-1
CC(C)/C(=C/C(=O)O)C(=O)[O-]	['C02631']	-1
CC(=O)N([O-])CCCC[C@H](N)C(=O)O	['C03955']	-1
C=Cc1cccc(O)c1[O-]	['C07085']	-1
O=C([O-])/C=C\C(=O)O	['C01384']	-1
O=C([O-])/C=C/C(=O)O	['C00122']	-1
CN(C)CCP(=O)([O-])O	['C05680']	-1
C=CCC(CCC)C(=O)[O-]	['C16648']	-1
O=C([O-])C(=O)O	['C00209']	-1
O=CC(=O)CCC(=O)[O-]	['C02800']	-1
C[NH+](C)CCOP(=O)([O-])[O-]	['C13482']	-1
NCCCCCC(=O)[O-]	['C02378']	-1
[O-]c1nc([O-])nc(O)n1	['C06554']	-2
CCCC(CCCO)C(=O)[O-]	['C16650', 'C16650']	-1
[NH-]C(=O)[C@H]([O-])c1ccccc1	['C07301']	-2
[NH3+]CCOP(=O)([O-])[O-]	['C00346']	-1
[O-]c1ccc(CCO)cc1	['C06044', 'C06044']	-1
O=C1CCC(C(=O)[O-])=CN1	['C04226']	-1
[O-]C/C=C\Cl	['C06612']	-1
[O-]C/C=C/Cl	['C06611']	-1
N/C(=N/O)NCCC[C@H](N)C(=O)[O-]	['C05933']	-1
O=C([O-])CCC(=O)[O-]	['C00042']	-2
O=P([O-])([O-])Oc1ccccc1	['C02734']	-2
O=C([O-])CSCC(=O)[O-]	['C14872']	-2
C/C=C\C(CCC)C(=O)[O-]	['C16654']	-1
CC(=O)[C@@H]([O-])[C@H](O)C[C@H](N)C(=O)[O-]	['C16850']	-2
N[C@H](C(=O)[O-])[C@H](O)C[O-]	['C06056', 'C06056']	-2
NCC[C@@H](O)[C@@H](C(=O)[O-])N1CCC1=O	['C06658', 'C06658']	-1
N=C(N)NCCCC(=O)C(=O)[O-]	['C03771']	-1
O=C(O)CS(=O)(=O)[O-]	['C14179']	-1
C[C@@H](N)C(=O)N[C@H](C)C(=O)[O-]	['C00993']	-1
N[C@H](CCC[C@H](N)C(=O)[O-])C(=O)[O-]	['C00680']	-2
N[C@@H](CCC[C@H](N)C(=O)[O-])C(=O)[O-]	['C00666']	-2
O=C([O-])CC(=O)[O-]	['C00383']	-2
CC(=O)[N-]c1ccc(O)cc1	['C06804']	-1
NCCCC[C@H](NC(=O)CCN)C(=O)[O-]	['C05341']	-1
CC(C)c1ccc(C[O-])cc1	['C06576']	-1
CC(=O)[N-]CCCCC(=O)O	['C03087']	-1
O=C([O-])C#CC(=O)O	['C03248']	-1
NCCCCC(=O)[O-]	['C00431']	-1
N[C@H](CCC[C@H](N)C(=O)[O-])C(=O)O	['C00680']	-1
N[C@@H](CCC[C@H](N)C(=O)O)C(=O)[O-]	['C00666']	-1
N[C@H](CCC[C@H](N)C(=O)O)C(=O)[O-]	['C00680']	-1
[O-]c1[n-]c2ccccc2c1O	['C02775']	-2
O=C([O-])CCCCC(=O)O	['C06104']	-1
CC(C)CCCCCCC/C=C\C(=O)[O-]	['C18206']	-1
NCCCC[C@H]([N-]C(=O)CCN)C(=O)O	['C05341']	-1
N[C@H]1CC(=O)[C@H]([O-])[C@@H](O)[C@@H]1O	['C17581']	-1
O=C[N-]C(=O)/C=C\C(=O)[O-]	['C18232']	-2
C[C@@H]([O-])[C@H]([NH3+])C(=O)[O-]	['C00188']	-1
C[C@H]([O-])[C@H]([NH3+])C(=O)[O-]	['C05519']	-1
C[C@H]([O-])[C@@H]([NH3+])C(=O)[O-]	['C00820']	-1
[O-]c1cc2[n-]ccc2cc1O	['C05578']	-2
[O-]c1cc2cc[n-]c2cc1O	['C05578']	-2
CC(=O)[N-]N	['C07447']	-1
[O-]c1ccnc2c([O-])cccc12	['C05637']	-2
O=CCC(CO)C(=O)[O-]	['C04106', 'C04106']	-1
C=Cc1ccc([O-])c([O-])c1	['C06224']	-2
[NH3+][C@H](C[O-])C(=O)[O-]	['C00740']	-1
[NH3+]C(C[O-])C(=O)[O-]	['C00716']	-1
[NH3+][C@@H](C[O-])C(=O)[O-]	['C00065']	-1
O=C([O-])[C@@H]1CC[C@H]2CC(=O)N21	['C17367']	-1
O=C([O-])CP(=O)([O-])O	['C05682', 'C05682']	-2
[O-]C1CCCCC1	['C00854']	-1
C[N-]C(N)=O	['C16363']	-1
CC(C)(O)[C@@H](O)C(=O)[O-]	['C04272', 'C04272', 'C04272']	-1
N=C(N)NCCCC([NH-])=O	['C03078']	-1
[NH-]C(=O)NC(=O)[O-]	['C01010']	-2
O=Cc1ccccc1[O-]	['C06202']	-1
[O-]c1ccc2nccc([O-])c2c1	['C05639']	-2
C[C@@H](N[C@@H](CCCCN)C(=O)[O-])C(=O)O	['C04020']	-1
O=C1Nc2ccccc2C1[O-]	['C11130']	-1
O=S(=O)([O-])c1cccc(O)c1[O-]	['C06336']	-2
O=C([O-])CCCCCC(=O)[O-]	['C02656']	-2
O=C(O)/C([O-])=C/c1ccccc1	['C02763']	-1
O=C1CC(=O)[N-]C(=O)[N-]1	['C00813']	-2
CC1([O-])C(=O)Nc2ccccc21	['C05834']	-1
[NH-]C(=O)CCCCN	['C00990']	-1
CC(=O)[C@@H](O)[C@H]([O-])C[C@H](N)C(=O)[O-]	['C16850', 'C16850']	-2
C[C@@H]1O[C@@H]1P(=O)([O-])[O-]	['C06454']	-2
O=Cc1cccc([O-])c1	['C03067']	-1
O=c1cc([O-])c2ccccc2[n-]1	['C16716']	-2
O=C(O)c1ccc(S(=O)(=O)[O-])cc1	['C02236']	-1
CC(C(=O)[O-])C(=O)[O-]	['C02170']	-2
O=C([O-])[C@H](O)CO	['C00258', 'C00258', 'C00258']	-1
C=CCc1ccc([O-])cc1	['C16930']	-1
CC(=O)[C@@H](O)[C@H](O)C[C@H](N)C(=O)[O-]	['C16850', 'C16850', 'C16850']	-1
O=C1CC([O-])c2ccccc21	['C07720']	-1
[O-]c1ccccc1O	['C00090']	-1
[O-]CCc1c[n-]c2ccccc12	['C00955']	-2
NC(=O)OP(=O)([O-])O	['C00169', 'C00169']	-1
C[C@H](N)[C@H]([O-])c1ccccc1	['C16719']	-1
C[C@H](N)[C@@H]([O-])c1ccccc1	['C08300']	-1
O=C([O-])[C@@H](O)CS	['C05823', 'C05823', 'C05823']	-1
CSCCCCCCCC(=O)C(=O)[O-]	['C17228']	-1
[NH-]C(=O)[C@H](O)c1ccccc1	['C07301', 'C07301']	-1
Cc1ccc([O-])c(C)c1	['C14582']	-1
CC[C@@](C)(O)[C@@H](O)C(=O)[O-]	['C06007', 'C06007', 'C06007']	-1
N[C@@H](C(=O)[O-])[C@@H](O)[C@H](O)[C@H]([O-])CO	['C03752', 'C03752', 'C03752']	-2
CCCC(CCC(=O)[O-])C(=O)O	['C16658']	-1
O=C([O-])Cc1c[n-]cn1	['C02835']	-2
O=c1ccc2ccc([O-])cc2o1	['C09315']	-1
C[C@@H]1O[C@@H]1P(=O)([O-])O	['C06454']	-1
[O-][C@H](CO)[C@@H](O)CO	['C00503']	-1
[O-][C@@H](CO)[C@H](O)CO	['C00503']	-1
CCCC(CC(=O)[O-])C(=O)O	['C16657']	-1
O=S(=O)([O-])c1cccc([O-])c1O	['C06336']	-2
O=c1ccc2cc([O-])c([O-])cc2o1	['C09263']	-2
C=C(CC(=O)[O-])C(=O)O	['C00490']	-1
Cc1ccc(C(=O)[O-])cc1	['C01454']	-1
NCCCC(=O)C(=O)[O-]	['C01110']	-1
O=C([O-])c1ccc(S(=O)(=O)[O-])cc1	['C02236']	-2
CN(C)CCc1ccc([O-])cc1	['C06199']	-1
C[C@@H](N[C@@H](CCCCN)C(=O)[O-])C(=O)[O-]	['C04020']	-2
CN(CC(=O)[O-])C(=N)N	['C00300']	-1
CN(C)Cc1c[n-]c2ccccc12	['C08304']	-1
[NH-]C(=O)C(N)CCC(=O)[O-]	['C16673']	-2
CSCCCCCCCCC(=O)C(=O)[O-]	['C17232']	-1
[NH-]C(=O)CC[C@@H](N)C(=O)[O-]	['C00819']	-2
[NH-]C(=O)CC[C@H](N)C(=O)[O-]	['C00064']	-2
C=Cc1cccc([O-])c1O	['C07085']	-1
O=C1Cc2ccccc2[N-]1	['C12312']	-1
O=C([O-])CSCC(=O)O	['C14872']	-1
NCCCCNC(=O)CC[C@H](N)C(=O)[O-]	['C15699']	-1
CC(C)(CO)[C@@H](O)C(=O)[O-]	['C00522', 'C00522', 'C00522']	-1
NCC(F)C(=O)[O-]	['C16632']	-1
C=C(C[C@H](N)C(=O)[O-])C([NH-])=O	['C01109']	-2
O=C([O-])[C@H]1CC[C@H]([O-])CC1	['C04404']	-2
CCCC(CC(=O)O)C(=O)[O-]	['C16657']	-1
[NH-]C(=O)C[C@H](N)C(=O)[O-]	['C00152']	-2
O=C([O-])C#CC(=O)[O-]	['C03248']	-2
CC[C@H](C)[C@H](N)C(=O)[O-]	['C00407']	-1
CC(N)C(=O)CCCCCC(=O)[O-]	['C01092']	-1
O=C([O-])CCCCCC(=O)O	['C02656']	-1
N[C@@H](C(=O)[O-])[C@@H]([O-])[C@H](O)[C@H](O)CO	['C03752']	-2
CC(=O)C(O)COP(=O)([O-])[O-]	['C15556', 'C15556']	-2
CC1C(=O)[N-]C(=O)[N-]C1=O	['C05281']	-2
NC(CO)C(=O)[O-]	['C00716', 'C00716']	-1
N[C@H](CO)C(=O)[O-]	['C00740', 'C00740']	-1
N[C@@H](CO)C(=O)[O-]	['C00065', 'C00065']	-1
O=C([O-])[C@H](O)C(=O)C[O-]	['C03064', 'C03064']	-2
C=C(C(=O)O)C(C)C(=O)[O-]	['C02295']	-1
O=C([O-])/C([O-])=C/c1ccccc1	['C02763']	-2
O=P([O-])(O)OP(=O)(O)O	['C00013']	-1
N=CNCC(=O)[O-]	['C02718']	-1
CC/C=C(\CCC)C(=O)[O-]	['C16653']	-1
CC(=O)[N-]c1ccc([O-])cc1	['C06804']	-2
CC(=O)/C=C/c1ccc([O-])cc1	['C12088']	-1
[O-]Cc1ccc2c(c1)[C@@H](O)[C@@H](O)C=C2	['C14104']	-1
O=C1CCNC(=O)[N-]1	['C00429']	-1
C[S-]	['C00409']	-1
N#C[C@@H]([O-])c1ccc([O-])cc1	['C03742']	-2
CNCCc1c[n-]c2ccccc12	['C06213']	-1
[NH3+][C@@H](CC[O-])C(=O)[O-]	['C00263']	-1
[NH-]C(=O)N[C@H](N)C(=O)[O-]	['C02091']	-2
O=C([O-])[C@H]1NCC[C@@H]1[O-]	['C05147']	-2
C[C@@H](N[C@@H](CCCCN)C(=O)O)C(=O)[O-]	['C04020']	-1
NC1(C(=O)[O-])CC1	['C01234']	-1
[O-]CCc1ccccc1	['C05853']	-1
O=C([O-])c1ccccc1	['C00180']	-1
O=C(O)/C=C(\[O-])C(=O)[O-]	['C03981']	-2
C[C@H]([O-])c1ccccc1	['C11348']	-1
O=CCc1c[n-]c2ccc([O-])cc12	['C05634']	-2
NCCCC(=O)[O-]	['C00334']	-1
Nc1ccccc1S(=O)(=O)[O-]	['C06333']	-1
Cc1cccc([O-])c1C(=O)[O-]	['C02657']	-2
C[C@H](C[NH3+])OP(=O)([O-])[O-]	['C04122']	-1
[NH3+]CC(O)P(=O)([O-])[O-]	['C05678']	-1
O=S(=O)([O-])c1ccc(O)c([O-])c1	['C06674']	-2
[O-]C[C@H]1OC(O)C[C@@H]1[O-]	['C01801']	-2
Cc1cccc(C(=O)[O-])c1[O-]	['C14088']	-2
CC(C[C@H](N)C(=O)[O-])C(=O)O	['C06234']	-1
[O-]C1c2ccccc2C2OC2C1[O-]	['C14784']	-2
C[C@H](C(=O)O)[C@H](N)C(=O)[O-]	['C03618']	-1
Cc1ccc(C(=O)[O-])c([O-])c1	['C14103']	-2
N[C@H]1CC(=O)[C@H]([O-])[C@@H]([O-])[C@@H]1O	['C17581']	-2
[O-]c1[nH]c2ccccc2c1[O-]	['C02775']	-2
O=C1CCC(C(=O)[O-])CC1	['C03767']	-1
O=C1[N-]C(=O)C(F)CN1	['C16630']	-1
CC(=O)N(O)CCCC[C@H](N)C(=O)[O-]	['C03955']	-1
N[C@H]1C[C@@H]([NH3+])[C@H]([O-])[C@@H]([O-])[C@@H]1O	['C02627']	-1
N[C@@H]1C[C@H]([NH3+])[C@@H]([O-])[C@H]([O-])[C@H]1O	['C02627']	-1
N[C@@H](CSCC[C@H]([NH3+])C(=O)[O-])C(=O)[O-]	['C02291']	-1
CNCCc1c[n-]c2ccc([O-])cc12	['C06212']	-2
O=C(OP(=O)([O-])[O-])c1ccccc1	['C06206']	-2
NC(=O)NCC(F)C(=O)[O-]	['C16631', 'C16631']	-1
O=S(=O)([O-])c1ccc([O-])c(O)c1	['C06674']	-2
Cc1cc(O)c([O-])cc1[O-]	['C18317']	-2
N[C@@H](CCSC[C@H]([NH3+])C(=O)[O-])C(=O)[O-]	['C02291']	-1
N[C@@H](CCSC[C@H](N)C(=O)[O-])C(=O)[O-]	['C02291']	-2
N[C@@H](CCC[C@H]([NH3+])C(=O)[O-])C(=O)[O-]	['C00666']	-1
N[C@@H](CCC[C@@H]([NH3+])C(=O)[O-])C(=O)[O-]	['C00680']	-1
N[C@H](CCC[C@H]([NH3+])C(=O)[O-])C(=O)[O-]	['C00680']	-1
C[C@@H]1NCCc2cc([O-])c(O)cc21	['C09642']	-1
[O-]CCc1c[nH]c2ccccc12	['C00955']	-1
N[C@@H](CC[PH](=O)O)C(=O)[O-]	['C17962']	-1
CCCC(CCC(=O)O)C(=O)[O-]	['C16658']	-1
C[C@@H]1NCCc2cc([O-])c([O-])cc21	['C09642']	-2
[O-]c1ccccc1[O-]	['C00090']	-2
O=C([O-])/C=C(\[O-])C(=O)O	['C03981']	-2
[O-]c1ccc([O-])c(O)n1	['C03458']	-2
N[C@@H](C[C@@H](O)C=O)C(=O)[O-]	['C05938', 'C05938']	-1
[O-]c1cc2cc[nH]c2cc1[O-]	['C05578']	-2
[O-]C[C@H](O)[C@H](O)CO	['C00503']	-1
[O-]C[C@@H](O)[C@@H](O)CO	['C00503']	-1
N[C@H]1C[C@@H]([NH3+])[C@H]([O-])[C@@H](O)[C@@H]1[O-]	['C02627']	-1
N[C@@H]1C[C@H]([NH3+])[C@@H]([O-])[C@H](O)[C@H]1[O-]	['C02627']	-1
N[C@@H](CSCC[C@H](N)C(=O)O)C(=O)[O-]	['C02291']	-1
NC(CP(=O)([O-])O)C(=O)[O-]	['C05672', 'C05672']	-2
O=C([O-])C1CCC2CCCCC2C1	['C14113']	-1
[O-]C1C[C@H]([O-])[C@@H](CO)O1	['C01801']	-2
NC(=O)OP(=O)([O-])[O-]	['C00169', 'C00169']	-2
C[C@@](O)(CCO)CC(=O)[O-]	['C00418', 'C00418', 'C00418']	-1
CC(=O)NCCCC(=O)[O-]	['C02946']	-1
CC(=O)N([O-])CCCC[C@H](N)C(=O)[O-]	['C03955']	-2
O=c1nc([O-])nc([O-])[nH]1	['C06554']	-2
CSCC[C@H]([N-]C=O)C(=O)[O-]	['C03145']	-2
O=CC([O-])c1c[n-]c2ccccc12	['C03230']	-2
O=C([O-])[C@@H](O)C[S-]	['C05823', 'C05823', 'C05823']	-2
[O-]c1ccc(/C=C/CO)cc1[O-]	['C12206', 'C12206', 'C12206']	-2
[O-]c1ccc(O)nc1[O-]	['C03458']	-2
NC[C@H](O)CC(=O)C(=O)[O-]	['C05941', 'C05941']	-1
[O-]C1C(O)c2ccccc2C2OC21	['C14784']	-1
[O-]c1ccc(C/C=N/O)cc1	['C04350']	-1
Cc1ccc(C[O-])cc1	['C06757']	-1
CC(=O)[N-][C@@H](CCCN)C(=O)[O-]	['C00437']	-2
Cc1ccccc1C(=O)[O-]	['C07215']	-1
N=C(N)NCC(=O)[O-]	['C00581']	-1
Cc1cc([O-])c([O-])cc1O	['C18317']	-2
C[C@H](CN)C(=O)[O-]	['C01205']	-1
C[C@@H](CN)C(=O)[O-]	['C03284']	-1
CC(=O)NCCC(=O)[O-]	['C01073']	-1
[O-]c1c(O)[n-]c2ccccc12	['C02775']	-2
NCC[C@@H]([O-])[C@@H](C(=O)[O-])[NH+]1CCC1=O	['C06658']	-1
C[C@@H]1NCCc2cc(O)c([O-])cc21	['C09642']	-1
O=C[C@H](O)COP(=O)([O-])[O-]	['C00118', 'C00118']	-2
[O-]C1c2ccccc2C2OC2C1O	['C14784']	-1
[O-]c1ccccc1Br	['C14841']	-1
[O-]c1cccc(F)c1[O-]	['C16472']	-2
O=[N+]([O-])c1ncc[n-]1	['C14531']	-1
CC[C@H](N)C(=O)[O-]	['C02356']	-1
C[NH2+]CCP(=O)([O-])[O-]	['C05679']	-1
O=C([O-])[C@H]1[NH2+]CC[C@@H]1[O-]	['C05147']	-1
O=C(CO)COP(=O)([O-])[O-]	['C00111', 'C00111']	-2
CC(C)[C@H](N)C(=O)[O-]	['C00183']	-1
O=C([O-])C(=O)CS(=O)[O-]	['C05527']	-2
[O-]c1nc(O)nc(O)n1	['C06554']	-1
[O-]c1c(O)cccc1F	['C16472']	-1
N[C@H](C=O)CCC(=O)[O-]	['C03741']	-1
CC(=O)c1ccc([O-])cc1	['C10700']	-1
NC(=O)[N-][C@H](N)C(=O)O	['C02091']	-1
[O-]c1ccc(O)nc1	['C01059']	-1
O=Cc1ccc([O-])cc1	['C00633']	-1
O=C(C[O-])c1ccc([O-])cc1	['C13635']	-2
[O-]c1cccc([O-])n1	['C03056']	-2
[NH-]C(=O)CC(=O)C(=O)[O-]	['C02362']	-2
CCCC(CCC(=O)[O-])C(=O)[O-]	['C16658']	-2
[NH-]C(=O)[N-]CCCCN	['C00436']	-2
[O-]c1cc(F)ccc1O	['C16473']	-1
NC(=O)N[C@@H](O)C(=O)[O-]	['C00603', 'C00603', 'C00603']	-1
O=C([O-])[C@H]([O-])C(=O)CO	['C03064']	-2
Cc1ccccc1C[O-]	['C07213']	-1
NC(=O)[N-][C@H]([NH3+])C(=O)[O-]	['C02091', 'C02091']	-1
[O-]C[C@H]1OC([O-])C[C@@H]1O	['C01801']	-2
NC(=O)C(=O)[O-]	['C01444', 'C01444']	-1
[O-][C@@H]1c2cc(CO)ccc2C=C[C@@H]1O	['C14104']	-1
[O-]c1ccc([O-])nc1	['C01059']	-2
NCC[C@@H]([O-])[C@@H](C(=O)[O-])N1CCC1=O	['C06658']	-2
N=C(N)NCCC[C@@H](C(=O)[O-])N1CCC1=O	['C06656']	-1
C=C(OP(=O)([O-])O)C(=O)O	['C00074', 'C00074']	-1
N[C@H]1CC(=O)[C@H](O)[C@@H](O)[C@@H]1[O-]	['C17581']	-1
C=C(C)[C@H](C[O-])CCC(C)C(=O)[O-]	['C11420']	-2
C=C(C)[C@@H](C[O-])CCC(C)C(=O)[O-]	['C11406']	-2
Cc1cc([O-])cc(C)c1N	['C16570']	-1
N[C@H]1CC(=O)[C@H](O)[C@@H]([O-])[C@@H]1O	['C17581']	-1
O=C([O-])C1=CC[C@@H]2CC(=O)N12	['C06669']	-1
[O-][C@H]1C=Cc2ccc(CO)cc2[C@H]1O	['C14104']	-1
N[C@@H]1C[C@H](N)[C@@H]([O-])[C@H](O)[C@H]1[O-]	['C02627']	-2
Cc1cccc(C[O-])c1	['C07216']	-1
N[C@@H](CCS)C(=O)[O-]	['C00155', 'C00155']	-1
C[NH2+]CCOP(=O)([O-])[O-]	['C01210']	-1
N#C[C@@H](O)c1ccc([O-])cc1	['C03742', 'C03742']	-1
C[C@@H]([NH2+][C@@H](CCCCN)C(=O)[O-])C(=O)[O-]	['C04020']	-1
[O-]c1ccnc2ccc(O)cc12	['C05639']	-1
[O-][C@H]1CC(O)O[C@@H]1CO	['C01801']	-1
CC(=O)NCCCCC(=O)[O-]	['C03087']	-1
N[C@@H](CCC=O)C(=O)[O-]	['C01165']	-1
Cc1cccc(C(=O)[O-])c1	['C07211']	-1
[O-]c1ccc(F)cc1[O-]	['C16473']	-2
N[C@@H](CCSC[C@H](N)C(=O)O)C(=O)[O-]	['C02291']	-1
Oc1c[n-]c2ccccc12	['C05658']	-1
N[C@@H](C(=O)[O-])[C@@H](O)[C@H]([O-])[C@H](O)CO	['C03752', 'C03752']	-2
[O]c1ccc([O-])cc1	['C02389']	-1
N[C@@H](CC=O)C(=O)[O-]	['C00441']	-1
[O-]c1cccc(O)c1	['C01751']	-1
N[C@@H]1C[C@H](N)[C@@H]([O-])[C@H]([O-])[C@H]1O	['C02627']	-2
N[C@@H]1C[C@H](N)[C@@H](O)[C@H]([O-])[C@H]1[O-]	['C02627']	-2
N[C@@H]1C[C@H]([NH3+])[C@@H](O)[C@H]([O-])[C@H]1[O-]	['C02627']	-1
N[C@H]1C[C@@H]([NH3+])[C@H](O)[C@@H]([O-])[C@@H]1[O-]	['C02627']	-1
[O-]c1ccnc2c(O)cccc12	['C05637']	-1
O=S(=O)([O-])NC1CCCCC1	['C02824']	-1
N[C@H]1C[C@@H]([NH3+])[C@H]([O-])[C@@H]([O-])[C@@H]1[O-]	['C02627']	-2
N[C@@H]1C[C@H]([NH3+])[C@@H]([O-])[C@H]([O-])[C@H]1[O-]	['C02627']	-2
O=C[N-]C(=O)/C=C\C(=O)O	['C18232']	-1
O=C([O-])C(=O)CS(=O)(=O)[O-]	['C05528']	-2
N[C@H]1CC(=O)[C@H]([O-])[C@@H](O)[C@@H]1[O-]	['C17581']	-2
[O-]c1ccc(O)cc1	['C00530']	-1
C[C@H]([O-])[C@@H](O)CC(=O)C(=O)[O-]	['C03827']	-2
C[C@H]([O-])[C@H](O)CC(=O)C(=O)[O-]	['C03979']	-2
O=C(O)CP(=O)([O-])O	['C05682', 'C05682']	-1
N[C@@H](CCC(=O)[N-]CCCC=O)C(=O)O	['C15700']	-1
O=C([O-])CC[C@@H](O)C(=O)[O-]	['C01087', 'C01087', 'C01087']	-2
O=C([O-])CC[C@H](O)C(=O)[O-]	['C03196', 'C03196', 'C03196']	-2
O=C([O-])CCC(O)C(=O)[O-]	['C02630', 'C02630', 'C02630']	-2
OCCc1c[n-]c2ccccc12	['C00955']	-1
NCCP(=O)([O-])O	['C03557']	-1
[O-]Cc1ccccc1	['C00556']	-1
Cc1cc([O-])c(O)cc1[O-]	['C18317']	-2
CCCC(CC(=O)[O-])C(=O)[O-]	['C16657']	-2
CP(=O)(O)CC[C@H](N)C(=O)[O-]	['C04650']	-1
[O-]C[C@H]1OC(O)C[C@@H]1O	['C01801']	-1
O=C([O-])C(=O)C[C@H](O)C[O-]	['C03826', 'C03826']	-2
O=C([O-])C(=O)C[C@@H](O)C[O-]	['C00684', 'C00684']	-2
NCCOP(=O)([O-])[O-]	['C00346']	-2
[NH3+][C@@H](C(=O)[O-])[C@@H]([O-])[C@H](O)[C@H]([O-])CO	['C03752']	-2
[NH-]C(N)=O	['C00086']	-1
C=C(C)CCOP(=O)(O)OP(=O)([O-])[O-]	['C00129']	-2
O=C[N-]c1ccccc1C=O	['C03574']	-1
O=C(O)COP(=O)([O-])O	['C00988', 'C00988']	-1
[O-]c1cc(/C=C/CO)ccc1O	['C12206']	-1
[O-]c1ccc(/C=C/CO)cc1O	['C12206', 'C12206']	-1
C[C@H](CN)OP(=O)([O-])[O-]	['C04122']	-2
[O-]c1ccc(Br)cc1	['C14453']	-1
[NH-]C(=O)NCCC(=O)[O-]	['C02642']	-2
CC(C)C[C@H](N)C(=O)[O-]	['C00123']	-1
[NH3+]CCc1c[n-]c2ccc([O-])cc12	['C00780']	-1
O=C([O-])C(=O)Cc1cnc[n-]1	['C03277']	-2
[O-]c1cccc(F)c1O	['C16472']	-1
O=C([O-])C(=O)C[C@H]([O-])CO	['C03826']	-2
O=C([O-])C(=O)C[C@@H]([O-])CO	['C00684']	-2
CC(=O)[N-]CC[C@H](N)C(=O)O	['C06442']	-1
N[C@@H](CC[O-])C(=O)[O-]	['C00263']	-2
O=C([O-])C(=O)Cc1c[nH+]c[n-]1	['C03277']	-1
[O-]c1cccc(O)n1	['C03056']	-1
CC(C)(C(=O)[O-])[C@@H](O)C(=O)[O-]	['C01088', 'C01088', 'C01088']	-2
O=C([O-])Cc1c[n-]c[nH+]1	['C02835']	-1
O=P([O-])(O)Oc1ccccc1	['C02734']	-1
C[C@@H](N)C(=O)[N-][C@H](C)C(=O)O	['C00993']	-1
N[C@@H]1CC(C(=O)[O-])=CC(=O)[C@H]1O	['C12108', 'C12108']	-1
O=C(O)/C=C(\[O-])C(=O)O	['C03981']	-1
NC(=O)[N-]C(=O)[O-]	['C01010', 'C01010']	-2
O=C([O-])c1cc([O-])c2ccccc2n1	['C01717']	-2
O=C([O-])[C@H]1NCC[C@@H]1O	['C05147', 'C05147']	-1
O=c1cc[n-]c(=O)[n-]1	['C00106']	-2
N[C@H]1CC(=O)[C@H](O)[C@@H]([O-])[C@@H]1[O-]	['C17581']	-2
O=C([O-])/C=C/c1ccccc1[O-]	['C01772']	-2
O=C([O-])/C=C\c1ccccc1[O-]	['C05838']	-2
CC(=O)NCC[C@H](N)C(=O)[O-]	['C06442']	-1
[NH3+]c1nc([O-])nc([O-])n1	['C08734']	-1
CC(C)c1ccc(C(=O)[O-])cc1	['C06578']	-1
C[C@H](O)[C@H]([O-])CC(=O)C(=O)[O-]	['C03979', 'C03979']	-2
C[C@H](O)[C@@H]([O-])CC(=O)C(=O)[O-]	['C03827', 'C03827']	-2
O=C/C=C/c1ccc([O-])cc1	['C05608']	-1
CC(=O)[N-]CCCCC(=O)C(=O)[O-]	['C05548']	-2
O=C([O-])Cc1c[nH]cn1	['C02835', 'C02835']	-1
N[C@@H]1C[C@](O)(C(=O)[O-])CC(=O)[C@H]1[O-]	['C12109', 'C12109']	-2
[O-]C1C[C@H](O)[C@@H](CO)O1	['C01801']	-1
CP(=O)([O-])CC[C@H](N)C(=O)O	['C04650']	-1
O=C(CO)c1ccc([O-])cc1	['C13635', 'C13635']	-1
C[N+](C)(C)CCOP(=O)([O-])[O-]	['C00588']	-1
CP(=O)([O-])CC[C@H](N)C(=O)[O-]	['C04650']	-2
N[C@@H](C[C@@H](O)C(=O)[O-])C(=O)O	['C05947', 'C05947']	-1
CC(=O)[N-]CC[C@H]([NH3+])C(=O)[O-]	['C06442']	-1
O=C([O-])c1ccc[n-]1	['C05942']	-2
O=[N+]([O-])c1cccc2c1C=CC([O-])C2[O-]	['C14801']	-2
[O-]c1ccc2nccc(O)c2c1	['C05639']	-1
N[C@H]1C[C@@H]([O-])[C@H](O)[C@@H]([O-])[C@@H]1O	['C17580']	-2
O=C([O-])C1=NCCCC1	['C04092']	-1
NC(C[O-])C(=O)[O-]	['C00716']	-2
N[C@H](C[O-])C(=O)[O-]	['C00740']	-2
N[C@@H](C[O-])C(=O)[O-]	['C00065']	-2
Cc1c[n-]c2ccccc12	['C08313']	-1
O=P([O-])([O-])OC[C@@H](O)CO	['C00623', 'C00623', 'C00623', 'C00623']	-2
O=P([O-])([O-])OC[C@H](O)CO	['C00093', 'C00093', 'C00093', 'C00093']	-2
O=Cc1ccc(CO)cc1[O-]	['C14108', 'C14108']	-1
O=c1cc([O-])c2ccccc2[nH]1	['C16716']	-1
O=Cc1ccc(C[O-])cc1[O-]	['C14108']	-2
CC(=O)[N-][C@@H](CCC[NH3+])C(=O)[O-]	['C00437']	-1
[O-]c1ccc(O)c([O-])n1	['C03458']	-2
C[C@@H]([O-])[C@H](N)C(=O)[O-]	['C00188']	-2
C[C@H]([O-])[C@H](N)C(=O)[O-]	['C05519']	-2
C[C@H]([O-])[C@@H](N)C(=O)[O-]	['C00820']	-2
N[C@@H](C[C@@H]([O-])C=O)C(=O)[O-]	['C05938']	-2
[O-]c1ccc(O)cn1	['C01059']	-1
[O-]c1ccc(F)cc1O	['C16473']	-1
N[C@@H](C[C@@H](O)C(=O)[O-])C(=O)[O-]	['C05947', 'C05947', 'C05947']	-2
O=C([O-])[C@@H]1C[C@@H]([O-])C=N1	['C04281']	-2
O=C([O-])c1ccc(F)cc1	['C02371']	-1
O=C([O-])C(=O)C[PH](=O)O	['C06368']	-1
[NH3+][C@@H](C(=O)[O-])[C@@H]([O-])[C@H](O)[C@H](O)C[O-]	['C03752']	-2
N[C@@H](C[C@@H](O)C(=O)O)C(=O)[O-]	['C05947']	-1
N[C@@H]1C[C@](O)(C(=O)[O-])CC(=O)[C@H]1O	['C12109', 'C12109', 'C12109']	-1
C[C@](O)(C[C@H](N)C(=O)[O-])C(=O)O	['C06034', 'C06034']	-1
O=CCc1c[n-]cn1	['C05130']	-1
O=C([O-])[C@@H]1CCCC=N1	['C00450']	-1
N[C@H](CC(=O)O)C(=O)[O-]	['C00402']	-1
N[C@@H](CC(=O)O)C(=O)[O-]	['C00049']	-1
O=C([O-])/C=C/c1ccc([O-])cc1	['C00811']	-2
O=C1C=C([O-])CC([O-])C1	['C06719']	-2
[NH-]C(=O)[N-]CCC[C@H]([NH3+])C(=O)[O-]	['C00327']	-2
O=C1C=C([O-])CC(O)C1	['C06719']	-1
[NH-]C(=O)Cc1ccccc1	['C02505']	-1
O=C([O-])[C@H](O)[C@@H](O)C[O-]	['C01620', 'C01620', 'C01620']	-2
CN(CC(=O)[O-])C(N)=O	['C01043', 'C01043']	-1
NCCc1ccc([O-])cc1	['C00483']	-1
O=C1C=C(O)CC([O-])C1	['C06719']	-1
O=C([O-])[C@@H]1C[C@@H](O)CN1	['C01157', 'C01157']	-1
O=C([O-])[C@H]1C[C@@H](O)CN1	['C03440', 'C03440']	-1
Cc1c(C(=O)[O-])c[n-]c1C(=O)O	['C12477']	-2
CC(=O)C[C@@H](N)C(=O)[O-]	['C03341']	-1
O=C([O-])c1ccc2c(c1)CCCC2	['C14111']	-1
[NH-]C(=O)CCC(=O)C(=O)[O-]	['C00940']	-2
O=C([O-])/C=C/c1c[n-]cn1	['C00785']	-2
NC(=O)NCCC(=O)[O-]	['C02642', 'C02642']	-1
O=C([O-])C1=NCC([O-])C1	['C04282']	-2
[NH3+][C@@H](C(=O)[O-])[C@@H]([O-])[C@H]([O-])[C@H](O)CO	['C03752']	-2
N[C@@H](C(=O)[O-])[C@@H](O)[C@H](O)[C@H](O)C[O-]	['C03752', 'C03752', 'C03752', 'C03752']	-2
[O-]c1cccc([O-])c1	['C01751']	-2
CC(=O)N(O)CCCP(=O)([O-])[O-]	['C17942']	-2
N[C@H]1C[C@@H](O)[C@H]([O-])[C@@H]([O-])[C@@H]1O	['C17580']	-2
O=C([O-])c1ccc([O-])nc1	['C01020']	-2
CC(C[C@H](N)C(=O)O)C(=O)[O-]	['C06234']	-1
Cc1cccc(O)c1C(=O)[O-]	['C02657', 'C02657']	-1
O=C([O-])CC1=CCC(=O)O1	['C03586']	-1
C[C@H](C(=O)[O-])C(=O)C(=O)[O-]	['C06030']	-2
[O-]c1cccc2c(O)ccnc12	['C05637']	-1
O=CCc1ccc([O-])c([O-])c1	['C04043']	-2
C=C(C[C@H](N)C(=O)[O-])C(=O)O	['C00651']	-1
N[C@H]1C[C@@H](O)[C@H]([O-])[C@@H](O)[C@@H]1[O-]	['C17580']	-2
CC(=O)N[C@@H](CCCNC(N)=O)C(=O)[O-]	['C15532', 'C15532']	-1
O=C[C@H](O)COP(=O)([O-])O	['C00118', 'C00118']	-1
ONCCc1c[n-]c2ccccc12	['C17203']	-1
CC(=O)Nc1ccc([O-])cc1	['C06804']	-1
O=C([O-])[C@H]([O-])Cc1ccccc1	['C05607']	-2
Cc1cccc(C(=O)[O-])c1O	['C14088', 'C14088']	-1
O=C([O-])C1=CC(=O)[C@@H](O)[C@H]([O-])C1	['C02637', 'C02637']	-2
[O-]CC1=CCN2CC[C@@H](O)[C@@H]12	['C06177']	-1
[NH3+]CC[C@@H]([O-])[C@@H](C(=O)[O-])N1CCC1=O	['C06658']	-1
O=CCc1c[n-]c2ccccc12	['C00637']	-1
N=C(CC(=O)[O-])C(=O)[O-]	['C05840']	-2
CN[C@@H](CCC(=O)[O-])C(=O)[O-]	['C01046']	-2
[O-]c1ccc(O)nc1O	['C03458']	-1
O=C([O-])C1=NCCC1	['C03564']	-1
[NH3+][C@H](C(=O)[O-])[C@H]([O-])C[O-]	['C06056']	-2
O=C([O-])C1=CC(=O)[C@@H]([O-])[C@H](O)C1	['C02637']	-2
CCC(O)(CC(=O)[O-])C(=O)[O-]	['C02488', 'C02488', 'C02488']	-2
O=C([O-])[C@H]1CC[C@H](O)CC1	['C04404', 'C04404']	-1
O=C1C([O-])Oc2ccccc2N1[O-]	['C15770']	-2
N[C@@H](CS)C(=O)NCC(=O)[O-]	['C01419', 'C01419']	-1
O=C([O-])[C@@H]1CCC=N1	['C03912']	-1
O=C([O-])[C@@H]1C[C@@H]([O-])C[NH2+]1	['C01157']	-1
O=C([O-])[C@H]1C[C@@H]([O-])C[NH2+]1	['C03440']	-1
[O-]c1cc2c(cc1[O-])NCC2	['C17756']	-2
N[C@@H](CCCC(=O)O)C(=O)[O-]	['C00956']	-1
CC(=O)CCC(N)C(=O)[O-]	['C05825']	-1
O=P([O-])(O)OP(=O)([O-])O	['C00013', 'C00013']	-2
N[C@H]1C[C@@H](O)[C@H]([O-])[C@@H](O)[C@@H]1O	['C17580']	-1
[O-]CC[NH2+]CC[O-]	['C06772']	-1
[NH3+][C@H](C(=O)[O-])[C@H]([O-])CO	['C06056']	-1
O=CCc1ccc(O)c([O-])c1	['C04043']	-1
NC(=O)N[O-]	['C07044']	-1
C[C@@](O)(CC(=O)[O-])C(=O)[O-]	['C02612', 'C02612', 'C02612']	-2
C[C@](O)(CC(=O)[O-])C(=O)[O-]	['C02614', 'C02614', 'C02614']	-2
Nc1ccc(S(=O)(=O)[O-])cc1	['C06335']	-1
NC(=O)/C=C\C(=O)[O-]	['C01596', 'C01596']	-1
O=C1[N-]c2ccccc2OC1[O-]	['C15769']	-2
Cc1cc(O)c([O-])cc1O	['C18317']	-1
Cc1ccc(C(=O)[O-])c(O)c1	['C14103', 'C14103']	-1
O=c1nc(O)nc([O-])[nH]1	['C06554']	-1
C[C@H](O)[C@@H](O)[C@@H]([O-])C(=O)C[O-]	['C01721']	-2
C[C@H](O)[C@H](O)[C@@H]([O-])C(=O)C[O-]	['C00861']	-2
O=c1[nH]c([O-])ccc1[O-]	['C03458']	-2
NCC(=O)CCC(=O)[O-]	['C00430']	-1
Cc1cc2nc[n-]c2cc1C	['C03114']	-1
Cc1c(C(=O)[O-])c[nH]c1C(=O)[O-]	['C12477']	-2
CC(C)[C@H](C(=O)[O-])C(=O)C(=O)[O-]	['C04236']	-2
O=C([O-])C[C@@H](O)C(=O)[O-]	['C00497', 'C00497', 'C00497']	-2
O=C([O-])C[C@H](O)C(=O)[O-]	['C00149', 'C00149', 'C00149']	-2
C[C@@H](C(=O)[O-])[C@@H](O)C(=O)[O-]	['C06031', 'C06031', 'C06031']	-2
C[C@H](C(=O)[O-])[C@H](O)C(=O)[O-]	['C06029', 'C06029', 'C06029']	-2
C[C@H](C(=O)[O-])[C@@H](O)C(=O)[O-]	['C06032', 'C06032', 'C06032']	-2
[O-]c1cc2ccccc2cc1[O-]	['C16213']	-2
O=C([O-])[C@H](O)[C@@H]([O-])CO	['C01620', 'C01620']	-2
O=CCc1c[n-]c2ccc(O)cc12	['C05634']	-1
CSCCCCC[C@H](N)C(=O)[O-]	['C17221']	-1
C[C@H](C(=O)[O-])C(C)(O)C(=O)[O-]	['C03652', 'C03652', 'C03652']	-2
CC(=O)N([O-])CCCP(=O)([O-])O	['C17942']	-2
N[C@@H](CCS(=O)(=O)[O-])C(=O)[O-]	['C16511']	-2
[O-]c1ccc2ccccc2c1[O-]	['C03012']	-2
O=C([O-])[C@H]([O-])[C@@H](O)CO	['C01620']	-2
O/N=C/Cc1c[n-]c2ccccc12	['C02937']	-1
CC(=O)N[C@@H](CCC=O)C(=O)[O-]	['C01250']	-1
[NH3+]CCOP(=O)([O-])OC[C@H]([O-])C[O-]	['C01233']	-2
O=c1ccc2cc(O)c([O-])cc2o1	['C09263']	-1
N[C@@H](CCC(=O)O)C(=O)[O-]	['C00025']	-1
NC(CCC(=O)O)C(=O)[O-]	['C00302']	-1
N[C@H](CCC(=O)O)C(=O)[O-]	['C00217']	-1
O=C([O-])[C@@H](O)c1ccccc1	['C01984', 'C01984']	-1
O=C([O-])[C@H](O)c1ccccc1	['C01983', 'C01983']	-1
[NH-]C(=O)C(=O)CCC(=O)[O-]	['C05572']	-2
O=C1CC(=O)NC(=O)[N-]1	['C00813']	-1
CC(=O)[N-]CCCC[C@H]([NH3+])C(=O)[O-]	['C02727']	-1
CN[C@@H](C)[C@H]([O-])c1ccccc1	['C01575']	-1
CN[C@@H](C)[C@@H]([O-])c1ccccc1	['C02765']	-1
CC(=O)[N-][C@@H](CCC=O)C(=O)[O-]	['C01250']	-2
C=C(C)[C@H](CO)CCC(C)C(=O)[O-]	['C11420', 'C11420']	-1
C=C(C)[C@@H](CO)CCC(C)C(=O)[O-]	['C11406', 'C11406']	-1
C[NH+](C)CCc1c[n-]c2cccc([O-])c12	['C08312']	-1
CCC(C(=O)[O-])C(O)C(=O)[O-]	['C01989', 'C01989', 'C01989']	-2
C[C@@H](N[C@@H](CCCC[NH3+])C(=O)[O-])C(=O)[O-]	['C04020']	-1
O=C([O-])CCc1ccccc1[O-]	['C01198']	-2
N[C@@H](CCS(=O)(=O)[O-])C(=O)O	['C16511']	-1
[O-]c1ccc(O)c(O)n1	['C03458']	-1
O=C([O-])/C=C/c1cccc([O-])c1	['C12621']	-2
[O-]c1c(O)[nH]c2ccccc12	['C02775']	-1
CC(=O)[N-]CCCCC(=O)C(=O)O	['C05548']	-1
[O-]c1ccc(CO)cc1[O-]	['C14110', 'C14110', 'C14110']	-2
CC(=O)N([O-])CCCC[C@H]([NH3+])C(=O)[O-]	['C03955']	-1
O=C([O-])CCc1ccc([O-])cc1	['C01744']	-2
N#CC(N)CCC(=O)[O-]	['C05715']	-1
CSCCC[C@H](N)C(=O)[O-]	['C17213']	-1
N[C@H]1C[C@@H]([O-])[C@H](O)[C@@H](O)[C@@H]1[O-]	['C17580']	-2
Oc1[n-]c2ccccc2c1O	['C02775']	-1
O=C([O-])CCCC[C@@H]1CCSS1	['C16241']	-1
O=Cc1cc([O-])ccc1O	['C05585']	-1
NC(=O)[N-]C(NC(N)=O)C(=O)[O-]	['C00499', 'C00499', 'C00499']	-2
O=C(O)C(=O)CS(=O)(=O)[O-]	['C05528']	-1
O=C([O-])[C@H](O)C(=O)CO	['C03064', 'C03064', 'C03064']	-1
[O-]c1cccc(NO)c1	['C14602']	-1
N[C@H]1C[C@@H]([O-])[C@H]([O-])[C@@H](O)[C@@H]1O	['C17580']	-2
CC1NC(=O)[N-]C1CCCCCC(=O)[O-]	['C01909']	-2
CCC[C@](O)(CC(=O)[O-])C(=O)[O-]	['C05994', 'C05994', 'C05994']	-2
CCNc1nc([O-])nc([O-])n1	['C06558']	-2
CC1[N-]C(=O)NC1CCCCCC(=O)[O-]	['C01909']	-2
O=C(O)C(=O)CS(=O)[O-]	['C05527', 'C05527']	-1
CC1C(=O)[N-]C(=O)NC1=O	['C05281']	-1
C[C@@H](N)C(=O)[N-][C@H](C)C(=O)[O-]	['C00993']	-2
CC(=O)[C@H](N)C(=O)[O-]	['C03508']	-1
O=C([O-])c1ccccc1F	['C02359']	-1
O=c1cc[nH]c(=O)[n-]1	['C00106']	-1
O=c1[n-]c(=O)c(F)c[nH]1	['C07649']	-1
O=C([O-])C[C@@H]1CCCC[C@@H]1C(=O)O	['C14112']	-1
O=CCc1ccc([O-])c(O)c1	['C04043']	-1
O=C([O-])[C@@H]([O-])c1ccccc1	['C01984']	-2
O=C([O-])[C@H]([O-])c1ccccc1	['C01983']	-2
CC(C)[C@@](O)(CC(=O)[O-])C(=O)[O-]	['C02504', 'C02504', 'C02504']	-2
[O-]c1ccc([O-])cc1	['C00530']	-2
[O-]c1ccc(C/C([S-])=N/O)cc1	['C17239']	-2
O=Cc1ccc([O-])c([O-])c1	['C16700']	-2
CSCCCC[C@H](N)C(=O)[O-]	['C17217']	-1
C[C@H]([O-])[C@H](O)[C@@H](O)C(=O)C[O-]	['C00861']	-2
C[C@H]([O-])[C@@H](O)[C@@H](O)C(=O)C[O-]	['C01721']	-2
Cc1[nH+]csc1CCOP(=O)([O-])[O-]	['C04327']	-1
CSCC[C@H](NC=O)C(=O)[O-]	['C03145']	-1
CC1=C(CC(=O)[O-])OC(=O)C1	['C18311']	-1
[NH3+][C@@H](C[S-])C(=O)[O-]	['C00097']	-1
[NH3+][C@H](C[S-])C(=O)[O-]	['C00793']	-1
O=CC(CCC(=O)O)C(=O)[O-]	['C16159']	-1
[O-][C@@H]1CCN2CC=C(CO)[C@H]12	['C06177']	-1
C[C@H](C(=O)[O-])[C@H](N)C(=O)O	['C03618']	-1
C[C@H](O)[C@H]([O-])[C@@H](O)C(=O)C[O-]	['C00861']	-2
C[C@H](O)[C@@H]([O-])[C@@H](O)C(=O)C[O-]	['C01721']	-2
Oc1cc2cc[n-]c2cc1O	['C05578']	-1
O=Cc1cc([O-])ccc1[O-]	['C05585']	-2
N[C@H]1C[C@@H](O)[C@H](O)[C@@H]([O-])[C@@H]1O	['C17580']	-1
[NH3+]C[C@H]([O-])c1ccc([O-])cc1	['C04227']	-1
[NH3+][C@@H](C(=O)[O-])[C@@H](O)[C@H]([O-])[C@H]([O-])CO	['C03752', 'C03752']	-2
CC(=O)n1cc([O-])c2ccccc21	['C02298']	-1
C=C(CC(=O)C(=O)[O-])C(=O)[O-]	['C06035']	-2
CSCC[C@@H](N)C(=O)[O-]	['C00855']	-1
CSCC[C@H](N)C(=O)[O-]	['C00073']	-1
C[C@H]([O-])[C@@H](O)[C@@H]([O-])C(=O)CO	['C01721']	-2
C[C@H]([O-])[C@H](O)[C@@H]([O-])C(=O)CO	['C00861']	-2
NC[C@H]([O-])CC(=O)C(=O)[O-]	['C05941']	-2
O=C([O-])c1cccc(F)c1	['C02364']	-1
O=C([O-])c1cccc2c1[C@@H]([O-])[C@@H](O)C=C2	['C14092']	-2
O=CC(CCC(=O)[O-])C(=O)[O-]	['C16159']	-2
CC(=O)[N-]CCCCN	['C02714']	-1
N#CCc1c[n-]c2ccccc12	['C02938']	-1
CC(C)C(=O)c1ccc([O-])c([O-])c1	['C15475']	-2
C=C(C[C@H](N)C(=O)O)C(=O)[O-]	['C00651']	-1
C[C@H](O)[C@H]([O-])[C@@H]([O-])C(=O)CO	['C00861']	-2
C[C@H](O)[C@@H]([O-])[C@@H]([O-])C(=O)CO	['C01721']	-2
N[C@@H](CSSC[C@H](N)C(=O)[O-])C(=O)[O-]	['C00491']	-2
O=C([O-])C(O)Cc1cnc[n-]1	['C05568', 'C05568', 'C05568', 'C05568']	-2
N[C@@H](CCCC(=O)[O-])C(=O)O	['C00956']	-1
