name	cas	url
		https://proionic.com/bestseller/ionic-liquid-biomass-dissolution-kit.php
1-Ethyl-3-methylimidazolium acetate	143314-17-4	https://proionic.com/bestseller/EMIM-OAc.php
1-Ethyl-3-methylimidazolium octanoate	1154003-55-0	https://proionic.com/bestseller/EMIM-OOc.php
1-Ethyl-3-methylimidazolium methylcarbonate solution, approx. 30 %w in methanol	251102-25-7	https://proionic.com/bestseller/EMIM-MC-solution-in-MeOH.php
1-Ethyl-3-methylimidazolium trifluoromethanesulf​onate	145022-44-2	https://proionic.com/bestseller/EMIM-OTf.php
1-Ethyl-3-methylimidazolium methanesulf​onate	145022-45-3	https://proionic.com/bestseller/EMIM-MeSO3.php
1-Ethyl-3-methylimidazolium tetrafluoroborate (electronic grade)	143314-16-3	https://proionic.com/bestseller/EMIM-BF4-electronic-grade.php
1-Ethyl-3-methylimidazolium bis(trifluoromethyls​ulfonyl)​imide (electronic grade)	174899-82-2	https://proionic.com/bestseller/EMIM-TFSI-electronic-grade.php
1-Ethyl-3-methylimidazolium bis(fluorosulfonyl)imide	235789-75-0	https://proionic.com/bestseller/EMIM-FSI.php
1-Ethyl-3-methylimidazolium propionate	865627-64-1	https://proionic.com/bestseller/1-Ethyl-3-methylimidazolium-propionate.php
1-Butyl-3-methylimidazolium acetate	284049-75-8	https://proionic.com/bestseller/BMIM-OAc.php
1-Butyl-3-methylimidazolium methylcarbonate, approx. 30 %w in methanol	916850-37-8	https://proionic.com/bestseller/BMIM-MC.php
1-Butyl-3-methylimidazolium tetrafluoroborate	174501-65-6	https://proionic.com/bestseller/BMIM-BF4.php
1-Butyl-3-methylimidazolium bis(trifluoromethylsulfonyl)imide (electronic grade)	174899-83-3	https://proionic.com/bestseller/BMIM-TFSI.php
1-Butyl-1-methylpyrrolidinium bis(trifluoromethylsulfonyl)imide	223437-11-4	https://proionic.com/bestseller/BMPyrr-TFSI.php
1-Butyl-1-methylpyrrolidinium bis(fluorosulfonyl)imide	1057745-51-3	https://proionic.com/bestseller/BMPyrr-FSI.php
Cholinium L lysinate	1361335-94-5	https://proionic.com/bestseller/Chol-Lys.php
Cholinium acetate	14586-35-7	https://proionic.com/bestseller/Cholinium-acetate.php
		https://proionic.com/bestseller/ionic-liquid-biomass-dissolution-kit.php
1-Ethyl-3-methylimidazolium acetate	143314-17-4	https://proionic.com/bestseller/EMIM-OAc.php
1-Ethyl-3-methylimidazolium octanoate	1154003-55-0	https://proionic.com/bestseller/EMIM-OOc.php
1-Ethyl-3-methylimidazolium methylcarbonate solution, approx. 30 %w in methanol	251102-25-7	https://proionic.com/bestseller/EMIM-MC-solution-in-MeOH.php
1-Ethyl-3-methylimidazolium trifluoromethanesulf​onate	145022-44-2	https://proionic.com/bestseller/EMIM-OTf.php
1-Ethyl-3-methylimidazolium methanesulf​onate	145022-45-3	https://proionic.com/bestseller/EMIM-MeSO3.php
1-Ethyl-3-methylimidazolium tetrafluoroborate (electronic grade)	143314-16-3	https://proionic.com/bestseller/EMIM-BF4-electronic-grade.php
1-Ethyl-3-methylimidazolium bis(trifluoromethyls​ulfonyl)​imide (electronic grade)	174899-82-2	https://proionic.com/bestseller/EMIM-TFSI-electronic-grade.php
1-Ethyl-3-methylimidazolium bis(fluorosulfonyl)imide	235789-75-0	https://proionic.com/bestseller/EMIM-FSI.php
1-Ethyl-3-methylimidazolium propionate	865627-64-1	https://proionic.com/bestseller/1-Ethyl-3-methylimidazolium-propionate.php
1-Butyl-3-methylimidazolium acetate	284049-75-8	https://proionic.com/bestseller/BMIM-OAc.php
1-Butyl-3-methylimidazolium methylcarbonate, approx. 30 %w in methanol	916850-37-8	https://proionic.com/bestseller/BMIM-MC.php
1-Butyl-3-methylimidazolium tetrafluoroborate	174501-65-6	https://proionic.com/bestseller/BMIM-BF4.php
1-Butyl-3-methylimidazolium bis(trifluoromethylsulfonyl)imide (electronic grade)	174899-83-3	https://proionic.com/bestseller/BMIM-TFSI.php
1-Butyl-1-methylpyrrolidinium bis(trifluoromethylsulfonyl)imide	223437-11-4	https://proionic.com/bestseller/BMPyrr-TFSI.php
1-Butyl-1-methylpyrrolidinium bis(fluorosulfonyl)imide	1057745-51-3	https://proionic.com/bestseller/BMPyrr-FSI.php
Cholinium L lysinate	1361335-94-5	https://proionic.com/bestseller/Chol-Lys.php
Cholinium acetate	14586-35-7	https://proionic.com/bestseller/Cholinium-acetate.php
